Image,Id
00050a15a.jpg,ids
0005c1ef8.jpg,ids
0006e997e.jpg,ids
002f99f01.jpg,ids
003795857.jpg,ids
0041880bf.jpg,ids
00537ec91.jpg,ids
0085064af.jpg,ids
0085a6bd0.jpg,ids
00869b59e.jpg,ids
00910010d.jpg,ids
009431af0.jpg,ids
009589b45.jpg,ids
00b92e9bf.jpg,ids
00bc4dade.jpg,ids
00d1615b1.jpg,ids
00d4a4967.jpg,ids
00d641885.jpg,ids
00ec09075.jpg,ids
010d37b13.jpg,ids
0118a64b8.jpg,ids
01237f1ce.jpg,ids
01324f822.jpg,ids
0135bf774.jpg,ids
0138b56d1.jpg,ids
01396f4d1.jpg,ids
0148dbdd2.jpg,ids
015889aa3.jpg,ids
0163ab035.jpg,ids
0165c60f3.jpg,ids
01699beb5.jpg,ids
016aa69cf.jpg,ids
0173fc207.jpg,ids
01768ab81.jpg,ids
01793bd75.jpg,ids
0179e07f2.jpg,ids
017c8297e.jpg,ids
01919fc42.jpg,ids
01bfc5ce9.jpg,ids
01c602e06.jpg,ids
01c75e4c0.jpg,ids
01c941173.jpg,ids
01cd70a58.jpg,ids
01dc06663.jpg,ids
01e44668c.jpg,ids
0202dfb29.jpg,ids
0206722e5.jpg,ids
0215715b6.jpg,ids
0227a97f7.jpg,ids
023349526.jpg,ids
0234be323.jpg,ids
0260984e4.jpg,ids
0268c74a5.jpg,ids
02773908c.jpg,ids
027ec5a1d.jpg,ids
02810b9d1.jpg,ids
028f7081a.jpg,ids
02a5af887.jpg,ids
02af3a9d9.jpg,ids
02b19e5f2.jpg,ids
02bdec750.jpg,ids
02ca9b585.jpg,ids
02d30c6e4.jpg,ids
02d8c4c99.jpg,ids
02ec01c0d.jpg,ids
02f250971.jpg,ids
02fd77da4.jpg,ids
031e19510.jpg,ids
03282d26c.jpg,ids
032dbd3ae.jpg,ids
0334cf98b.jpg,ids
0338c2abc.jpg,ids
034176bf3.jpg,ids
0356860be.jpg,ids
035ce8d51.jpg,ids
037ce9282.jpg,ids
038c165c5.jpg,ids
038f6e50f.jpg,ids
038ffb4ad.jpg,ids
03908edc8.jpg,ids
03a5587fe.jpg,ids
03b7870be.jpg,ids
03dcf5c8e.jpg,ids
03ef35d6e.jpg,ids
03efb0fdb.jpg,ids
03f0758d8.jpg,ids
0407436a4.jpg,ids
04094ac0b.jpg,ids
040ce705a.jpg,ids
041724be8.jpg,ids
042caa5be.jpg,ids
0455267bb.jpg,ids
047604b6c.jpg,ids
047ca0d72.jpg,ids
04822fc4b.jpg,ids
0485d51aa.jpg,ids
048762f18.jpg,ids
0489c432d.jpg,ids
048ab10a5.jpg,ids
048bbca71.jpg,ids
04900b886.jpg,ids
04931bb7a.jpg,ids
049c26660.jpg,ids
04a21e189.jpg,ids
04adf88e9.jpg,ids
04ae2380d.jpg,ids
04af29309.jpg,ids
04b5a2d33.jpg,ids
04bae2db7.jpg,ids
04cb9134a.jpg,ids
04db9c5d8.jpg,ids
04e3e0baa.jpg,ids
050a06daf.jpg,ids
052426f5a.jpg,ids
05422a5f9.jpg,ids
05483b514.jpg,ids
0548e7010.jpg,ids
054df30ea.jpg,ids
0550c2e23.jpg,ids
055c8ba66.jpg,ids
05656dfcc.jpg,ids
056cd345d.jpg,ids
059e3cf5b.jpg,ids
05ae4c2db.jpg,ids
05bfc639d.jpg,ids
05d6517f2.jpg,ids
05da28fcb.jpg,ids
05db04583.jpg,ids
05e5e0e89.jpg,ids
05ed57e10.jpg,ids
05ee04d0c.jpg,ids
05ee1fc22.jpg,ids
05eeabf1b.jpg,ids
05f71b26a.jpg,ids
05fc2e35d.jpg,ids
0610203d1.jpg,ids
0611099f3.jpg,ids
061f833ab.jpg,ids
06209926d.jpg,ids
06245ed98.jpg,ids
06306504e.jpg,ids
06336bf78.jpg,ids
063e89413.jpg,ids
064dd41a3.jpg,ids
064de9c50.jpg,ids
066228078.jpg,ids
066c039dc.jpg,ids
06848f3e1.jpg,ids
0696613e7.jpg,ids
06a59fa63.jpg,ids
06a8436bc.jpg,ids
06b790545.jpg,ids
06cfbaddf.jpg,ids
06d79681a.jpg,ids
06ec79a1c.jpg,ids
06f05ed89.jpg,ids
06f3ca9ed.jpg,ids
06f547c31.jpg,ids
06f8ca075.jpg,ids
07064347b.jpg,ids
070e4a8b7.jpg,ids
072c0b407.jpg,ids
07393dd15.jpg,ids
07468f5ae.jpg,ids
075089e48.jpg,ids
0752633be.jpg,ids
076e1f97f.jpg,ids
076f148a0.jpg,ids
077529e3c.jpg,ids
0776ca526.jpg,ids
077b5e636.jpg,ids
077bb5704.jpg,ids
0786c0a3e.jpg,ids
07968ddb3.jpg,ids
07cf6abf4.jpg,ids
07dc84ac5.jpg,ids
07e66d8c2.jpg,ids
07e71d9f2.jpg,ids
07ed57a03.jpg,ids
07f391ac9.jpg,ids
080ee8d66.jpg,ids
081941407.jpg,ids
081c2004d.jpg,ids
08470f9f4.jpg,ids
085e31cc2.jpg,ids
085ed4326.jpg,ids
085f89e06.jpg,ids
087be9483.jpg,ids
088fc5d51.jpg,ids
0892d02e6.jpg,ids
08a2a2bad.jpg,ids
08a2bb342.jpg,ids
08a5ab510.jpg,ids
08bd1f4ff.jpg,ids
08e8dc6d6.jpg,ids
08eab80de.jpg,ids
09032ecef.jpg,ids
090470388.jpg,ids
0918c86d1.jpg,ids
0927816bd.jpg,ids
093bc0a8c.jpg,ids
093f9815d.jpg,ids
09445bf22.jpg,ids
095533ca6.jpg,ids
09611f0c5.jpg,ids
096393c7b.jpg,ids
0969fc5aa.jpg,ids
096b8cbfb.jpg,ids
097640b55.jpg,ids
097bf717d.jpg,ids
0984dceb9.jpg,ids
0988114af.jpg,ids
099bd5f45.jpg,ids
099fd2fdc.jpg,ids
09a61f71f.jpg,ids
09a858bcf.jpg,ids
09ada3562.jpg,ids
09b6b855c.jpg,ids
09ba6b78d.jpg,ids
09bed58d1.jpg,ids
09e29da27.jpg,ids
09ea3c095.jpg,ids
09ef91f49.jpg,ids
09fa0ded7.jpg,ids
0a046abcd.jpg,ids
0a197f5e4.jpg,ids
0a306deba.jpg,ids
0a4448a90.jpg,ids
0a5216ef5.jpg,ids
0a6ac6580.jpg,ids
0a81a4dbe.jpg,ids
0a8654171.jpg,ids
0a898c494.jpg,ids
0a8b000b1.jpg,ids
0a92827f0.jpg,ids
0a97f15c2.jpg,ids
0a9957790.jpg,ids
0ac7c6cf0.jpg,ids
0acbf516e.jpg,ids
0acbfcb58.jpg,ids
0acd8f27b.jpg,ids
0ada1400a.jpg,ids
0af034423.jpg,ids
0af1d57ba.jpg,ids
0b033e16b.jpg,ids
0b25273c7.jpg,ids
0b29d78ce.jpg,ids
0b39dab59.jpg,ids
0b4735b87.jpg,ids
0b4cfb7d1.jpg,ids
0b4d78cab.jpg,ids
0b6e959b8.jpg,ids
0b771a6a3.jpg,ids
0b7aef92f.jpg,ids
0b7cbf3f8.jpg,ids
0ba2fe848.jpg,ids
0baa89964.jpg,ids
0bb23359d.jpg,ids
0bc4ab015.jpg,ids
0bc500118.jpg,ids
0bd7ff74f.jpg,ids
0c08f0cb6.jpg,ids
0c0bf8fb8.jpg,ids
0c115fd9c.jpg,ids
0c1960aa4.jpg,ids
0c1af7d67.jpg,ids
0c2379d8a.jpg,ids
0c2653d9e.jpg,ids
0c2adec98.jpg,ids
0c3afa7cd.jpg,ids
0c3b7d753.jpg,ids
0c655205a.jpg,ids
0c74df9b5.jpg,ids
0c81a988e.jpg,ids
0cacd7317.jpg,ids
0cb3a7827.jpg,ids
0cb3c72e8.jpg,ids
0cb7c7858.jpg,ids
0cc97c518.jpg,ids
0cd6ece50.jpg,ids
0ce588f3d.jpg,ids
0cf75b119.jpg,ids
0cf91e08a.jpg,ids
0d0a1d2fb.jpg,ids
0d14e01fc.jpg,ids
0d1cab7ed.jpg,ids
0d25e3354.jpg,ids
0d2b33d7a.jpg,ids
0d3303311.jpg,ids
0d34ac1da.jpg,ids
0d37648f9.jpg,ids
0d40920af.jpg,ids
0d4f5a252.jpg,ids
0d605d56a.jpg,ids
0d626f782.jpg,ids
0d757866b.jpg,ids
0d7bd80d3.jpg,ids
0d88aae4b.jpg,ids
0d8b25dc8.jpg,ids
0d9ea371d.jpg,ids
0da34cb6e.jpg,ids
0da56669d.jpg,ids
0da6e9b14.jpg,ids
0db59bbec.jpg,ids
0dcfd05bf.jpg,ids
0ddc00629.jpg,ids
0ddf458fb.jpg,ids
0dee42089.jpg,ids
0df714e16.jpg,ids
0df715378.jpg,ids
0e02383ae.jpg,ids
0e04b85d7.jpg,ids
0e102defb.jpg,ids
0e27b36d2.jpg,ids
0e2cf96c6.jpg,ids
0e43f2c5c.jpg,ids
0e5808245.jpg,ids
0e6abdd05.jpg,ids
0e92ffcd0.jpg,ids
0e95d7bbb.jpg,ids
0e95eb004.jpg,ids
0e97eca3a.jpg,ids
0ea6086b5.jpg,ids
0eae38cec.jpg,ids
0ec14cca3.jpg,ids
0ec81d212.jpg,ids
0ed1b1590.jpg,ids
0ed5f0634.jpg,ids
0ee1ba79d.jpg,ids
0ef0db673.jpg,ids
0ef8ede21.jpg,ids
0f05226ea.jpg,ids
0f14d823f.jpg,ids
0f1d4384b.jpg,ids
0f1d723fa.jpg,ids
0f36db982.jpg,ids
0f37fe167.jpg,ids
0f3b9236f.jpg,ids
0f443ae12.jpg,ids
0f49b005c.jpg,ids
0f4c14db8.jpg,ids
0f6a0a9c9.jpg,ids
0f6f1abc6.jpg,ids
0f77c3fc1.jpg,ids
0f78db9bd.jpg,ids
0f82986cc.jpg,ids
0f8758633.jpg,ids
0f9172ff7.jpg,ids
0faeffa58.jpg,ids
0fb3bb3e7.jpg,ids
0fc76d5d9.jpg,ids
0fd184af3.jpg,ids
0fdc35295.jpg,ids
0fdef864a.jpg,ids
0fef6e334.jpg,ids
0ff53e610.jpg,ids
0ffc13ffa.jpg,ids
100ab2313.jpg,ids
100f10498.jpg,ids
103823f5c.jpg,ids
10426751f.jpg,ids
10543af72.jpg,ids
1065860c2.jpg,ids
106ea4ab2.jpg,ids
107b998cc.jpg,ids
107e32fb0.jpg,ids
1081c2d70.jpg,ids
10833d613.jpg,ids
108f230d8.jpg,ids
10a2a8a72.jpg,ids
10a5a6726.jpg,ids
10a827e61.jpg,ids
10b694367.jpg,ids
10bb81bb7.jpg,ids
10c59a106.jpg,ids
10ca54f40.jpg,ids
10dd1a607.jpg,ids
10f181c12.jpg,ids
10f222020.jpg,ids
10f823f29.jpg,ids
10fcadb74.jpg,ids
11004288c.jpg,ids
1117b63b2.jpg,ids
11293cbab.jpg,ids
113d9b859.jpg,ids
11507b25a.jpg,ids
1152013c8.jpg,ids
115dac1c8.jpg,ids
116639f1f.jpg,ids
11702ec84.jpg,ids
1176c3bad.jpg,ids
118f531d3.jpg,ids
119680fc7.jpg,ids
119f88bbb.jpg,ids
11c3065f2.jpg,ids
11c5985dd.jpg,ids
11c839069.jpg,ids
11d39fc43.jpg,ids
11edd672b.jpg,ids
11f476f56.jpg,ids
1202f27b4.jpg,ids
121819c9a.jpg,ids
121a7c56b.jpg,ids
121e3acc2.jpg,ids
124254cb7.jpg,ids
1255a88bc.jpg,ids
125c6370c.jpg,ids
126e44013.jpg,ids
127bdd2fe.jpg,ids
127ec7a42.jpg,ids
12850ebe2.jpg,ids
128b211ec.jpg,ids
129776139.jpg,ids
12ba2e96c.jpg,ids
12beb80e2.jpg,ids
12cd2d714.jpg,ids
12d1aed58.jpg,ids
12e4b4911.jpg,ids
12f1924ce.jpg,ids
12f3ca1b7.jpg,ids
1308ee62d.jpg,ids
131aa08aa.jpg,ids
1322b4bc0.jpg,ids
1325bc22e.jpg,ids
133092c2c.jpg,ids
133ca35aa.jpg,ids
13465cf7e.jpg,ids
1354c6591.jpg,ids
1371b0e78.jpg,ids
1385e4f84.jpg,ids
1392d6bfc.jpg,ids
13a8796ac.jpg,ids
13adfcdcb.jpg,ids
13b7baa29.jpg,ids
13baf1380.jpg,ids
13c2f63af.jpg,ids
13c58d49c.jpg,ids
13c6d2436.jpg,ids
13cd15ee1.jpg,ids
13e0b59fe.jpg,ids
13e2a9194.jpg,ids
13e87ad0a.jpg,ids
13f5a835a.jpg,ids
140105f67.jpg,ids
1404c458a.jpg,ids
1407693e6.jpg,ids
1409b0133.jpg,ids
145756e0f.jpg,ids
1470cd525.jpg,ids
1478b1cb9.jpg,ids
1480f526d.jpg,ids
14854d5d9.jpg,ids
1487566c6.jpg,ids
14b21ffb4.jpg,ids
14b76940e.jpg,ids
14d6cba5b.jpg,ids
14dedde6b.jpg,ids
14ed4d8f6.jpg,ids
14f4f5227.jpg,ids
15319a8bc.jpg,ids
153cbe23b.jpg,ids
1562d36e3.jpg,ids
15685f504.jpg,ids
1577b579c.jpg,ids
15988658c.jpg,ids
159eb7cc8.jpg,ids
15d2f13ab.jpg,ids
15ec73a22.jpg,ids
1607ff3c9.jpg,ids
1608338eb.jpg,ids
160b2281d.jpg,ids
16148423a.jpg,ids
16458b9fe.jpg,ids
164f28a1b.jpg,ids
167b920dc.jpg,ids
1681490a7.jpg,ids
1683d957f.jpg,ids
16ab6e33a.jpg,ids
16b7f04a4.jpg,ids
16b9bff85.jpg,ids
16bd4269e.jpg,ids
16cb8fd62.jpg,ids
16d6bad62.jpg,ids
16e23a9b3.jpg,ids
16e485a4b.jpg,ids
16e90bc21.jpg,ids
170cbc334.jpg,ids
173dea8ec.jpg,ids
1768ada48.jpg,ids
179d7db50.jpg,ids
17a7c78c4.jpg,ids
17b17cd3f.jpg,ids
17c2e7263.jpg,ids
17ccbdc80.jpg,ids
17d2b9620.jpg,ids
17dd31ed9.jpg,ids
17e840adb.jpg,ids
17f2003ec.jpg,ids
17f3cae5a.jpg,ids
180a18d6e.jpg,ids
181020979.jpg,ids
1812eeb95.jpg,ids
181fd95f4.jpg,ids
1829ac06d.jpg,ids
182ac1bf2.jpg,ids
1837eedd8.jpg,ids
183ae60da.jpg,ids
18459a654.jpg,ids
1845b343b.jpg,ids
1850b6e39.jpg,ids
1873d094a.jpg,ids
188b04c45.jpg,ids
188e5e66e.jpg,ids
1891111cf.jpg,ids
18a35d725.jpg,ids
18a6a8885.jpg,ids
18b7adcfa.jpg,ids
18b9ebd3c.jpg,ids
18c3f55d6.jpg,ids
18d2466bf.jpg,ids
18d46c518.jpg,ids
18e0d4be8.jpg,ids
18e41ef36.jpg,ids
18f55985d.jpg,ids
1904709fa.jpg,ids
192ca525f.jpg,ids
1950b4e1a.jpg,ids
1961cf4c7.jpg,ids
1984f2d9f.jpg,ids
19917c432.jpg,ids
1997bdc41.jpg,ids
19a34e787.jpg,ids
19a7dd6aa.jpg,ids
19b1ab9f0.jpg,ids
19b89f9dd.jpg,ids
19ca41e81.jpg,ids
19ee87f1a.jpg,ids
1a0178ceb.jpg,ids
1a0bdd3cf.jpg,ids
1a3498826.jpg,ids
1a3e1abf3.jpg,ids
1a4e25444.jpg,ids
1a5d0e0ba.jpg,ids
1a613e06f.jpg,ids
1a6329d4f.jpg,ids
1a65af877.jpg,ids
1a680c281.jpg,ids
1a699ad15.jpg,ids
1a7607dca.jpg,ids
1a7c60842.jpg,ids
1a8c5bec8.jpg,ids
1a9116d41.jpg,ids
1a938ff61.jpg,ids
1aa32c05c.jpg,ids
1ab01ffd9.jpg,ids
1ab1a407a.jpg,ids
1ab5e0f55.jpg,ids
1ac3c3ee9.jpg,ids
1ad1d059b.jpg,ids
1adaeb596.jpg,ids
1af15177d.jpg,ids
1b26c86ba.jpg,ids
1b2bc97d6.jpg,ids
1b32860bb.jpg,ids
1b5501c54.jpg,ids
1b5630372.jpg,ids
1b58417be.jpg,ids
1b5e29e51.jpg,ids
1b5f121ab.jpg,ids
1b6af70d0.jpg,ids
1ba60a369.jpg,ids
1bbd4219a.jpg,ids
1bc7d373b.jpg,ids
1bcb76186.jpg,ids
1bd7e5266.jpg,ids
1be4a9c0e.jpg,ids
1bfc1f6d7.jpg,ids
1bfcfc9bb.jpg,ids
1c11e4f25.jpg,ids
1c14133e6.jpg,ids
1c1a6c7ec.jpg,ids
1c2536557.jpg,ids
1c324f6c3.jpg,ids
1c3d3e7bc.jpg,ids
1c3dd82d6.jpg,ids
1c4322632.jpg,ids
1c4ef590f.jpg,ids
1c581320f.jpg,ids
1c68b8fe5.jpg,ids
1c7d33a7d.jpg,ids
1c7e69992.jpg,ids
1c939bebc.jpg,ids
1c95191fb.jpg,ids
1c99780ca.jpg,ids
1c9c3c853.jpg,ids
1ca3aec88.jpg,ids
1ca47f0b9.jpg,ids
1cbcd85d1.jpg,ids
1cc7f239a.jpg,ids
1ce709911.jpg,ids
1ceace1ef.jpg,ids
1cf86e920.jpg,ids
1cfc8390f.jpg,ids
1cff7dff7.jpg,ids
1d0a96bd3.jpg,ids
1d0e8554b.jpg,ids
1d21707c6.jpg,ids
1d30841d4.jpg,ids
1d323f854.jpg,ids
1d3b601f9.jpg,ids
1d69780a3.jpg,ids
1d76769e9.jpg,ids
1d97c0b49.jpg,ids
1d986ddca.jpg,ids
1da99f4bb.jpg,ids
1dad22ad6.jpg,ids
1dc83fea8.jpg,ids
1dd30e7db.jpg,ids
1de24ec5c.jpg,ids
1de60246c.jpg,ids
1df0363d8.jpg,ids
1df439ae2.jpg,ids
1e11b5e7e.jpg,ids
1e20f43bb.jpg,ids
1e305701a.jpg,ids
1e44fc47a.jpg,ids
1e4617d24.jpg,ids
1e4b8c2cf.jpg,ids
1e4e80b25.jpg,ids
1e51290a9.jpg,ids
1e65fef55.jpg,ids
1e6952f12.jpg,ids
1e7d9a510.jpg,ids
1e85fdd1a.jpg,ids
1e8b51160.jpg,ids
1e8c1aa9f.jpg,ids
1e97d5520.jpg,ids
1ea3df0b4.jpg,ids
1eb8b1f2d.jpg,ids
1ec04cc20.jpg,ids
1ecfce864.jpg,ids
1ee1902e6.jpg,ids
1ef3d57d6.jpg,ids
1ef6137fb.jpg,ids
1f0740431.jpg,ids
1f311c708.jpg,ids
1f39f5724.jpg,ids
1f4358722.jpg,ids
1f49af8a3.jpg,ids
1f5c1c779.jpg,ids
1f6a3c835.jpg,ids
1f6cf9d4d.jpg,ids
1f7faf6cb.jpg,ids
1f86dc752.jpg,ids
1f8fd2940.jpg,ids
1fa16d4d5.jpg,ids
1fb0b522b.jpg,ids
1fb1c6957.jpg,ids
1fb42e082.jpg,ids
1fbb2be0c.jpg,ids
1fbec6247.jpg,ids
1fc1caa8e.jpg,ids
1fdbdbd0f.jpg,ids
1fe05a955.jpg,ids
1ff00017a.jpg,ids
1ff4c6325.jpg,ids
200a57748.jpg,ids
204a5b8db.jpg,ids
204b2e997.jpg,ids
205ee2067.jpg,ids
20803e9b8.jpg,ids
208831c9d.jpg,ids
209f4c620.jpg,ids
20a501e1c.jpg,ids
20a76cf1c.jpg,ids
20abfadc0.jpg,ids
20c0938d6.jpg,ids
20ca6109d.jpg,ids
20cd51a5c.jpg,ids
20cfea5cc.jpg,ids
20d2f3bea.jpg,ids
20e2893a4.jpg,ids
20e7c6af4.jpg,ids
20f840028.jpg,ids
20f897733.jpg,ids
210d48a5d.jpg,ids
210e9eeaa.jpg,ids
21138d17c.jpg,ids
212e1c0b5.jpg,ids
2156267ee.jpg,ids
2161fbfa9.jpg,ids
216268ccc.jpg,ids
21649dbee.jpg,ids
2164d51a7.jpg,ids
216ea1a93.jpg,ids
217374228.jpg,ids
2177d8941.jpg,ids
21802941b.jpg,ids
219ff10f4.jpg,ids
21ad51219.jpg,ids
21b05eb04.jpg,ids
21dcff0d3.jpg,ids
21eeba83a.jpg,ids
21f690d02.jpg,ids
21fc405bd.jpg,ids
2200a312f.jpg,ids
220a6fc09.jpg,ids
220f12745.jpg,ids
221c59155.jpg,ids
2225be631.jpg,ids
222b5aa17.jpg,ids
2237f85c0.jpg,ids
227283ca0.jpg,ids
227613c57.jpg,ids
2283cf5f2.jpg,ids
22b4ef14d.jpg,ids
22c83058a.jpg,ids
22ca7df21.jpg,ids
22ed5d300.jpg,ids
230cf3113.jpg,ids
2312b9966.jpg,ids
2315507ad.jpg,ids
231ed7e7f.jpg,ids
2328a12b2.jpg,ids
233c00eda.jpg,ids
23434dd9d.jpg,ids
234c646cc.jpg,ids
2356b5b27.jpg,ids
235b21744.jpg,ids
235dba3d1.jpg,ids
235f00ff0.jpg,ids
236a4a447.jpg,ids
23700b2e3.jpg,ids
239a2bc7b.jpg,ids
23c0519b4.jpg,ids
23ddf8d41.jpg,ids
23e11e3fa.jpg,ids
23f084b93.jpg,ids
23f91b606.jpg,ids
2403fea84.jpg,ids
241aeee0f.jpg,ids
242238017.jpg,ids
24225d859.jpg,ids
2423c2da1.jpg,ids
24263e2e1.jpg,ids
2426d1e5b.jpg,ids
242b46917.jpg,ids
243170b1b.jpg,ids
2436e0e0f.jpg,ids
24712d686.jpg,ids
24735fde4.jpg,ids
248d3cd30.jpg,ids
249481d7a.jpg,ids
2496034e3.jpg,ids
2496b8260.jpg,ids
249f34fee.jpg,ids
24acea2d6.jpg,ids
24bd87f8d.jpg,ids
24cb7c3e5.jpg,ids
24ce41308.jpg,ids
24d8db3a0.jpg,ids
24ec71c0b.jpg,ids
25166edaf.jpg,ids
2528b5054.jpg,ids
252f92d36.jpg,ids
25330fd48.jpg,ids
253a824db.jpg,ids
253c2bd2e.jpg,ids
253e7dadb.jpg,ids
2540b8ce8.jpg,ids
254244d6b.jpg,ids
25490dcdf.jpg,ids
254e8df1b.jpg,ids
2550f50ed.jpg,ids
2552b6e3f.jpg,ids
255d3a54a.jpg,ids
2563d907b.jpg,ids
256efe985.jpg,ids
25768d5aa.jpg,ids
2587ce108.jpg,ids
2589598a8.jpg,ids
259b51f24.jpg,ids
25acbbbda.jpg,ids
25ad10eae.jpg,ids
25b4a6038.jpg,ids
25b8765ec.jpg,ids
25bd019bd.jpg,ids
25c250d7a.jpg,ids
25c3c3f8a.jpg,ids
25dec8777.jpg,ids
25e43a37d.jpg,ids
26030d61b.jpg,ids
26176c7cf.jpg,ids
2618a13a6.jpg,ids
261d34432.jpg,ids
262ce8732.jpg,ids
263766d6c.jpg,ids
263bbf0b5.jpg,ids
263dc5f64.jpg,ids
264018a16.jpg,ids
264050dd5.jpg,ids
264ed5c6e.jpg,ids
265386f1d.jpg,ids
266eacc51.jpg,ids
2682918b3.jpg,ids
268dd91f9.jpg,ids
26a3edb51.jpg,ids
26a5f630a.jpg,ids
26ac82ff1.jpg,ids
26b49c568.jpg,ids
26bec4f1a.jpg,ids
26bf68275.jpg,ids
26ce0ee28.jpg,ids
26d52467a.jpg,ids
26d8a1399.jpg,ids
26ef12d91.jpg,ids
26f090efd.jpg,ids
271c0c92f.jpg,ids
272d3d799.jpg,ids
272ffa413.jpg,ids
273426f48.jpg,ids
273471432.jpg,ids
2737afe31.jpg,ids
273e837f2.jpg,ids
2748ee38c.jpg,ids
2749d3f40.jpg,ids
274bae9c1.jpg,ids
275a8cb1e.jpg,ids
275ab9611.jpg,ids
27647e0be.jpg,ids
276e38676.jpg,ids
278313517.jpg,ids
27916b7e2.jpg,ids
2791ade33.jpg,ids
279688ee2.jpg,ids
279c0f8fb.jpg,ids
27afd7a26.jpg,ids
27b30d6af.jpg,ids
27bbb842d.jpg,ids
27c97341f.jpg,ids
27cb571a6.jpg,ids
27cc83b0b.jpg,ids
27ce58b3d.jpg,ids
27d1c2c87.jpg,ids
27d302a74.jpg,ids
27dee0722.jpg,ids
27e0b6ff9.jpg,ids
27f6f3acc.jpg,ids
27fdfe88c.jpg,ids
27ff1bdb2.jpg,ids
27ff867bb.jpg,ids
2819c843f.jpg,ids
282b7137e.jpg,ids
283789b04.jpg,ids
285905975.jpg,ids
2872f5a1a.jpg,ids
287b48783.jpg,ids
288920182.jpg,ids
288e18a3d.jpg,ids
2890196a3.jpg,ids
28b9d3aab.jpg,ids
28cf70103.jpg,ids
28e9e3ace.jpg,ids
290f4f2c1.jpg,ids
292cfc0fa.jpg,ids
295691261.jpg,ids
29679f374.jpg,ids
297c63393.jpg,ids
2989464d4.jpg,ids
298964ea5.jpg,ids
2995f3c40.jpg,ids
299b5f715.jpg,ids
29bc7f28d.jpg,ids
29bdcef26.jpg,ids
29c582beb.jpg,ids
29cedf51a.jpg,ids
29e157313.jpg,ids
29fa02349.jpg,ids
2a066e637.jpg,ids
2a1a6a829.jpg,ids
2a1b254a0.jpg,ids
2a215f11e.jpg,ids
2a260d035.jpg,ids
2a27b0599.jpg,ids
2a2a0afdf.jpg,ids
2a2cf502d.jpg,ids
2a3613f4c.jpg,ids
2a3df73dc.jpg,ids
2a594f207.jpg,ids
2a653051a.jpg,ids
2a6782bb6.jpg,ids
2a6b64f49.jpg,ids
2a720ecaa.jpg,ids
2aa6c7c04.jpg,ids
2ab410d32.jpg,ids
2aba33900.jpg,ids
2aca22775.jpg,ids
2add23160.jpg,ids
2b0fec5df.jpg,ids
2b139813d.jpg,ids
2b1fd0038.jpg,ids
2b22d1bff.jpg,ids
2b30f245e.jpg,ids
2b448fc92.jpg,ids
2b627b131.jpg,ids
2b66fe95d.jpg,ids
2b6f03c7a.jpg,ids
2b73ef5cf.jpg,ids
2b87cebfe.jpg,ids
2b93e1b58.jpg,ids
2b95abba5.jpg,ids
2b96cac5a.jpg,ids
2bb63c20d.jpg,ids
2bb6c0d46.jpg,ids
2bd596853.jpg,ids
2bd7a423a.jpg,ids
2bfb3d858.jpg,ids
2c057842d.jpg,ids
2c09fd3ec.jpg,ids
2c5936429.jpg,ids
2c5d13851.jpg,ids
2c60af2b7.jpg,ids
2c6115f47.jpg,ids
2c61c0fd0.jpg,ids
2c62e9827.jpg,ids
2c6797778.jpg,ids
2c74aea1c.jpg,ids
2c761417f.jpg,ids
2c790ad8a.jpg,ids
2c882923b.jpg,ids
2c888543e.jpg,ids
2c93a7326.jpg,ids
2c966ad9d.jpg,ids
2cb5f8258.jpg,ids
2cbcb4519.jpg,ids
2cd7913bb.jpg,ids
2cf00b080.jpg,ids
2cf3d2cb0.jpg,ids
2cfe86c54.jpg,ids
2d051c0f6.jpg,ids
2d06946f9.jpg,ids
2d0f99e9b.jpg,ids
2d227dec4.jpg,ids
2d3b18d76.jpg,ids
2d5a756a7.jpg,ids
2d5ae27a8.jpg,ids
2d5b09af3.jpg,ids
2d6f24b98.jpg,ids
2d7142055.jpg,ids
2d742ff03.jpg,ids
2d7b729d1.jpg,ids
2d805649a.jpg,ids
2d83b5312.jpg,ids
2d9e85456.jpg,ids
2da5a0222.jpg,ids
2dab2f613.jpg,ids
2daf8ece1.jpg,ids
2dc3f53ff.jpg,ids
2ddc1f815.jpg,ids
2de2ad9ed.jpg,ids
2df8b68d4.jpg,ids
2e01323c1.jpg,ids
2e0ddddf3.jpg,ids
2e101bd3e.jpg,ids
2e14f1c94.jpg,ids
2e2107b1d.jpg,ids
2e21c23b9.jpg,ids
2e2da7d70.jpg,ids
2e2dbaefb.jpg,ids
2e30d47c8.jpg,ids
2e388734d.jpg,ids
2e86d063a.jpg,ids
2e942eb8f.jpg,ids
2e9660607.jpg,ids
2ebc81c67.jpg,ids
2ec44f5f7.jpg,ids
2ec7ed7e9.jpg,ids
2ecbb1b88.jpg,ids
2ece7cb3d.jpg,ids
2eeebca62.jpg,ids
2f03de224.jpg,ids
2f040b6b0.jpg,ids
2f0653c09.jpg,ids
2f08fb869.jpg,ids
2f0c584a4.jpg,ids
2f213724e.jpg,ids
2f30ae22c.jpg,ids
2f3152628.jpg,ids
2f362ffb5.jpg,ids
2f3f3ee65.jpg,ids
2f3fb0a65.jpg,ids
2f4f02c6e.jpg,ids
2f51243b3.jpg,ids
2f7747fc9.jpg,ids
2fa242b16.jpg,ids
2fb21ce8e.jpg,ids
2fb8551cf.jpg,ids
2fc6743d2.jpg,ids
2fcb9b96c.jpg,ids
2fe2cc5c0.jpg,ids
2fea245f4.jpg,ids
2ff97413b.jpg,ids
2ffd5ba97.jpg,ids
300f6e1cf.jpg,ids
301653731.jpg,ids
301be5b59.jpg,ids
3022969e9.jpg,ids
302821f39.jpg,ids
302a55053.jpg,ids
303938df6.jpg,ids
305015649.jpg,ids
306e29b2d.jpg,ids
309b8afaa.jpg,ids
309fa9c3a.jpg,ids
30b462e55.jpg,ids
30bd700a3.jpg,ids
30d8d5b33.jpg,ids
30e45a6b1.jpg,ids
30f744b6c.jpg,ids
31013d046.jpg,ids
310e55dbf.jpg,ids
3114ef6d5.jpg,ids
31177d59f.jpg,ids
312c12181.jpg,ids
312cba031.jpg,ids
312f6cc30.jpg,ids
31356e294.jpg,ids
317662cd2.jpg,ids
317ee7c11.jpg,ids
3183ca765.jpg,ids
318683dec.jpg,ids
31873e7b8.jpg,ids
318cc53a8.jpg,ids
319cf7aca.jpg,ids
31a1d1d18.jpg,ids
31b6e3f8e.jpg,ids
31d2d5c2f.jpg,ids
31d81a81e.jpg,ids
31e1f2737.jpg,ids
31f16387c.jpg,ids
3216ee4c5.jpg,ids
3219056a3.jpg,ids
321f922d3.jpg,ids
32227428e.jpg,ids
322cac828.jpg,ids
323ebe72c.jpg,ids
32533a7fb.jpg,ids
32540111d.jpg,ids
32618d9eb.jpg,ids
326981b06.jpg,ids
329087167.jpg,ids
32a98e2cc.jpg,ids
32a9dcb98.jpg,ids
32ab977ca.jpg,ids
32b124213.jpg,ids
32bc66f7e.jpg,ids
32c52b133.jpg,ids
32cf34278.jpg,ids
32d139ce1.jpg,ids
32d15705e.jpg,ids
32debc352.jpg,ids
32e5fdaa6.jpg,ids
32e8d4df8.jpg,ids
32fc373fe.jpg,ids
330401e53.jpg,ids
3308f94e2.jpg,ids
33273c9dc.jpg,ids
333550dad.jpg,ids
333dd71a9.jpg,ids
334c4e2f3.jpg,ids
334ccf0ef.jpg,ids
3353c2487.jpg,ids
33556ee55.jpg,ids
3355d2049.jpg,ids
3356d8bba.jpg,ids
337e7bc00.jpg,ids
3398bf18c.jpg,ids
33a2792ef.jpg,ids
33a9a392c.jpg,ids
33ac269f9.jpg,ids
33bc1a448.jpg,ids
33d619cb1.jpg,ids
33dc2e2d4.jpg,ids
33ea8dc57.jpg,ids
33ee87d21.jpg,ids
33f03f39f.jpg,ids
33f13d997.jpg,ids
33fb293ff.jpg,ids
3402d80aa.jpg,ids
34082931d.jpg,ids
340e3de09.jpg,ids
342d706cf.jpg,ids
344d585a6.jpg,ids
344e544b2.jpg,ids
3481cc906.jpg,ids
348ea2fc8.jpg,ids
34977dd75.jpg,ids
34a08b632.jpg,ids
34a193597.jpg,ids
34a86ea3d.jpg,ids
34b367544.jpg,ids
34b7aab66.jpg,ids
34b946711.jpg,ids
34bdfb354.jpg,ids
34c6a810d.jpg,ids
34c7f9000.jpg,ids
34cda2210.jpg,ids
34e77468d.jpg,ids
34e861307.jpg,ids
34e8dab92.jpg,ids
34f3e506f.jpg,ids
34ff88204.jpg,ids
350279e13.jpg,ids
350297c2e.jpg,ids
35125e453.jpg,ids
353275c0f.jpg,ids
353ca37a0.jpg,ids
3563c6902.jpg,ids
356ec956e.jpg,ids
3586f5a0c.jpg,ids
358b56609.jpg,ids
359d5dedb.jpg,ids
35b31bb5f.jpg,ids
35c4084c7.jpg,ids
35c723b44.jpg,ids
35c7aaf5f.jpg,ids
35d796c00.jpg,ids
35db37b7f.jpg,ids
35eed94ca.jpg,ids
35f749fbe.jpg,ids
360289a46.jpg,ids
3606ea8b7.jpg,ids
360715bdd.jpg,ids
360c25b2b.jpg,ids
3621d86a6.jpg,ids
362733513.jpg,ids
362884102.jpg,ids
362b56294.jpg,ids
36337445a.jpg,ids
3635aff02.jpg,ids
363ea3eca.jpg,ids
3641717ad.jpg,ids
3657250e6.jpg,ids
3669c86dd.jpg,ids
367150343.jpg,ids
368365f40.jpg,ids
368733de2.jpg,ids
36972a2ed.jpg,ids
369de80e0.jpg,ids
36d41776c.jpg,ids
36da6e2c9.jpg,ids
36e9f0b6f.jpg,ids
36edb89a2.jpg,ids
36ee01556.jpg,ids
36f0aff97.jpg,ids
36f354725.jpg,ids
36fc5c7db.jpg,ids
3700b446a.jpg,ids
3703bdb09.jpg,ids
37099f8f0.jpg,ids
3712c122f.jpg,ids
373379624.jpg,ids
373430ed2.jpg,ids
3745b5b50.jpg,ids
375a616e0.jpg,ids
37665aaad.jpg,ids
3781a4ec7.jpg,ids
3789745b6.jpg,ids
379363c15.jpg,ids
37a7267a3.jpg,ids
37b2f4505.jpg,ids
37c36c81b.jpg,ids
37dde1549.jpg,ids
37e5642dc.jpg,ids
37eb500c0.jpg,ids
37f214f08.jpg,ids
38081e1f8.jpg,ids
380f34938.jpg,ids
3817548ee.jpg,ids
381a39243.jpg,ids
3823ee66f.jpg,ids
383d3bb72.jpg,ids
3842d71dc.jpg,ids
3843679b0.jpg,ids
3845b5d50.jpg,ids
3847279d4.jpg,ids
384a44354.jpg,ids
384d6ebaf.jpg,ids
3851b7761.jpg,ids
385a635df.jpg,ids
386ab67da.jpg,ids
386fa5976.jpg,ids
3873f4932.jpg,ids
3888d9989.jpg,ids
3897f5c55.jpg,ids
38985ee39.jpg,ids
38a757006.jpg,ids
38bf9ec7d.jpg,ids
38c24db62.jpg,ids
38ef6a554.jpg,ids
38f7b007e.jpg,ids
3903741ed.jpg,ids
392819b1e.jpg,ids
3949385b0.jpg,ids
396369c63.jpg,ids
396b803e7.jpg,ids
396b9f681.jpg,ids
399648595.jpg,ids
39aa09363.jpg,ids
39efcb56b.jpg,ids
39f378f58.jpg,ids
39f537f54.jpg,ids
39f7f7e41.jpg,ids
3a0062726.jpg,ids
3a0fe3838.jpg,ids
3a16eaf31.jpg,ids
3a17193ce.jpg,ids
3a1a8f03f.jpg,ids
3a1af65d9.jpg,ids
3a1dc1864.jpg,ids
3a22ff81f.jpg,ids
3a2394d98.jpg,ids
3a3561c5d.jpg,ids
3a41f4b24.jpg,ids
3a45abe05.jpg,ids
3a471ff3b.jpg,ids
3a4fefb46.jpg,ids
3a5cbe80a.jpg,ids
3a6d1bf39.jpg,ids
3a89c0fa3.jpg,ids
3aa444047.jpg,ids
3ab198d37.jpg,ids
3ab31150c.jpg,ids
3ac956e12.jpg,ids
3adf92d08.jpg,ids
3aed6f137.jpg,ids
3b10f57a3.jpg,ids
3b2b78410.jpg,ids
3b3fb6196.jpg,ids
3b4c0e1c7.jpg,ids
3b5c16b27.jpg,ids
3b6015028.jpg,ids
3b656c69e.jpg,ids
3b84b5348.jpg,ids
3b8aed91a.jpg,ids
3b93ec51a.jpg,ids
3b95ebda3.jpg,ids
3bbb95b5e.jpg,ids
3bdbc2b5b.jpg,ids
3bde9b531.jpg,ids
3be561060.jpg,ids
3bfb37d5b.jpg,ids
3bfde7c49.jpg,ids
3c005d890.jpg,ids
3c129720b.jpg,ids
3c1ca5824.jpg,ids
3c216cb93.jpg,ids
3c23285f9.jpg,ids
3c35ab685.jpg,ids
3c3713488.jpg,ids
3c553cff2.jpg,ids
3c5ad708e.jpg,ids
3c5d86b2a.jpg,ids
3c7b51d15.jpg,ids
3c87a722e.jpg,ids
3c89b9105.jpg,ids
3c9ccb9b5.jpg,ids
3c9f6d426.jpg,ids
3ca17bd73.jpg,ids
3ca31ebd4.jpg,ids
3cac77232.jpg,ids
3cac7aed2.jpg,ids
3cb040c0a.jpg,ids
3cb56f16e.jpg,ids
3cba09780.jpg,ids
3cbc2e21a.jpg,ids
3cbf65786.jpg,ids
3cc647668.jpg,ids
3cc71e9cc.jpg,ids
3cce47a65.jpg,ids
3cd9242f5.jpg,ids
3cdd4910d.jpg,ids
3ce0c2d5c.jpg,ids
3ce3eeaed.jpg,ids
3ce52eddd.jpg,ids
3cf178135.jpg,ids
3cf53fbb6.jpg,ids
3cf6eae87.jpg,ids
3cfc82ed0.jpg,ids
3d01f268d.jpg,ids
3d1912b2d.jpg,ids
3d2886169.jpg,ids
3d338f95b.jpg,ids
3d40005be.jpg,ids
3d4f9f22a.jpg,ids
3d5b352e7.jpg,ids
3d5be11a4.jpg,ids
3d65188b3.jpg,ids
3d6f775fe.jpg,ids
3d70b8ba4.jpg,ids
3d90b56f4.jpg,ids
3d990deb0.jpg,ids
3d9ebe2f2.jpg,ids
3da76152a.jpg,ids
3dc05b98b.jpg,ids
3dc0f520e.jpg,ids
3ddd362df.jpg,ids
3de517fc8.jpg,ids
3df3152e4.jpg,ids
3df9a7bbe.jpg,ids
3dfb79f04.jpg,ids
3e0a1cd59.jpg,ids
3e121c877.jpg,ids
3e1d492a0.jpg,ids
3e21c78df.jpg,ids
3e28728d6.jpg,ids
3e2c4cfd4.jpg,ids
3e34cbaa2.jpg,ids
3e56044c4.jpg,ids
3e5888dde.jpg,ids
3e670ccda.jpg,ids
3e7b97cbc.jpg,ids
3ea48171a.jpg,ids
3ea83e6a5.jpg,ids
3eb14eb13.jpg,ids
3ebb330c5.jpg,ids
3ebe52347.jpg,ids
3ebf85c48.jpg,ids
3ecd888b9.jpg,ids
3ed54b10e.jpg,ids
3ee92c535.jpg,ids
3efdae078.jpg,ids
3eff892d6.jpg,ids
3f07775a8.jpg,ids
3f0c8a20c.jpg,ids
3f0d0079d.jpg,ids
3f24ba8d0.jpg,ids
3f34571e7.jpg,ids
3f351d2c5.jpg,ids
3f3a32484.jpg,ids
3f476ae13.jpg,ids
3f4872061.jpg,ids
3f612490b.jpg,ids
3f648030e.jpg,ids
3f682cf7b.jpg,ids
3f6e0df99.jpg,ids
3f89d4e99.jpg,ids
3f8c91ec0.jpg,ids
3f9ba6a7e.jpg,ids
3fabcce54.jpg,ids
3fb2d2d17.jpg,ids
3fbe45915.jpg,ids
3fbf38c4f.jpg,ids
3fc307587.jpg,ids
3fc4cbe1b.jpg,ids
3fda22e8c.jpg,ids
3fe72c718.jpg,ids
3ff62f97a.jpg,ids
400f04e40.jpg,ids
4011f1509.jpg,ids
40230c4e6.jpg,ids
403f557ac.jpg,ids
4049e4573.jpg,ids
405920349.jpg,ids
40677417d.jpg,ids
406d81b1a.jpg,ids
4073b556d.jpg,ids
40770393b.jpg,ids
4077bbeeb.jpg,ids
408cff1f4.jpg,ids
40a7a699f.jpg,ids
40cb8db0b.jpg,ids
40cd8a927.jpg,ids
40d07e93f.jpg,ids
40d3ad1d8.jpg,ids
40d966f57.jpg,ids
40e83a6c2.jpg,ids
40ed1bab9.jpg,ids
40f450736.jpg,ids
40f70fe67.jpg,ids
40f7c0b39.jpg,ids
41066a07b.jpg,ids
4110e4a11.jpg,ids
411164298.jpg,ids
4114292d4.jpg,ids
4115c1862.jpg,ids
41286059a.jpg,ids
412b3fa2a.jpg,ids
4133c4d6f.jpg,ids
413cb1999.jpg,ids
41442002f.jpg,ids
41494d96e.jpg,ids
414c86429.jpg,ids
41688ed9a.jpg,ids
4183a0bf4.jpg,ids
419d1a738.jpg,ids
419df608d.jpg,ids
41ab663e2.jpg,ids
41b70c859.jpg,ids
41c653c17.jpg,ids
41cf6fd14.jpg,ids
41fb1eb8a.jpg,ids
420ad8215.jpg,ids
4212a3e1f.jpg,ids
4214483ad.jpg,ids
4217039a6.jpg,ids
421a5c978.jpg,ids
422102670.jpg,ids
422b49d19.jpg,ids
422cfcdb3.jpg,ids
422e2a81d.jpg,ids
425611ea4.jpg,ids
42575e722.jpg,ids
42699c49e.jpg,ids
42817f75a.jpg,ids
4297d5175.jpg,ids
42bf14e4a.jpg,ids
42c50a1f6.jpg,ids
42c671c00.jpg,ids
42caabd0d.jpg,ids
42d5f7cef.jpg,ids
42da4ddf6.jpg,ids
42e3324e2.jpg,ids
42f6e891c.jpg,ids
42fdde329.jpg,ids
4310b0e91.jpg,ids
431a8ddcc.jpg,ids
432286f96.jpg,ids
43575477e.jpg,ids
435ab80be.jpg,ids
435c1e165.jpg,ids
4365a219b.jpg,ids
4366d2de0.jpg,ids
4369ce1d8.jpg,ids
438cbbf2f.jpg,ids
43a80317b.jpg,ids
43add7caf.jpg,ids
43af03e60.jpg,ids
43c5a6999.jpg,ids
43ccc2666.jpg,ids
43db1c7c3.jpg,ids
43e68f97f.jpg,ids
43e9c8d41.jpg,ids
43e9d430d.jpg,ids
43ef24851.jpg,ids
43f973aec.jpg,ids
44016c19d.jpg,ids
4404af7bd.jpg,ids
4409a681a.jpg,ids
440e7084f.jpg,ids
440fd7c82.jpg,ids
441c3d27a.jpg,ids
4420e17ab.jpg,ids
4431bc776.jpg,ids
4434c9eb3.jpg,ids
444464b94.jpg,ids
444b09aca.jpg,ids
446b4f25e.jpg,ids
447721d16.jpg,ids
448458c05.jpg,ids
44866606a.jpg,ids
448ae30f9.jpg,ids
449613a83.jpg,ids
449c5649d.jpg,ids
44b3dca6f.jpg,ids
44b8e5a63.jpg,ids
44ce6b0e2.jpg,ids
44deaa00a.jpg,ids
44e04986a.jpg,ids
44e74b286.jpg,ids
44ebdf6ed.jpg,ids
44eed52f6.jpg,ids
44f6d76ee.jpg,ids
450ba6e47.jpg,ids
451ec5e5e.jpg,ids
45220e618.jpg,ids
452436a91.jpg,ids
4539b0ac9.jpg,ids
4544c37a0.jpg,ids
45599b0f7.jpg,ids
45645caf0.jpg,ids
45691873a.jpg,ids
456c71ab7.jpg,ids
4574e9463.jpg,ids
458b93999.jpg,ids
458bb4815.jpg,ids
459782f58.jpg,ids
45abc9ee7.jpg,ids
45ace9dbf.jpg,ids
45d81f7ca.jpg,ids
45e927874.jpg,ids
460269ba1.jpg,ids
461592d9c.jpg,ids
46190630a.jpg,ids
462a6bd60.jpg,ids
462e8a6ad.jpg,ids
462f42869.jpg,ids
4647e2016.jpg,ids
46721c888.jpg,ids
467f35baa.jpg,ids
46804b143.jpg,ids
468326f24.jpg,ids
4686319a5.jpg,ids
469e1371a.jpg,ids
46a761e3e.jpg,ids
46a92587e.jpg,ids
46af40a0b.jpg,ids
46b094f40.jpg,ids
46caf0afc.jpg,ids
46d868f5a.jpg,ids
46dcd85ec.jpg,ids
46e9dba3b.jpg,ids
46f864532.jpg,ids
46f90a71d.jpg,ids
4702fd092.jpg,ids
47186e085.jpg,ids
472982192.jpg,ids
473d886ae.jpg,ids
4742bb66b.jpg,ids
476a0bdc8.jpg,ids
476bfc1ec.jpg,ids
4771764bb.jpg,ids
477539719.jpg,ids
477ec0f89.jpg,ids
477ee1c68.jpg,ids
4780b9c6a.jpg,ids
478549f50.jpg,ids
478de5b6e.jpg,ids
47a7dc6a9.jpg,ids
47cc7b788.jpg,ids
47d77f7c9.jpg,ids
47d99aed9.jpg,ids
47ed8ff8c.jpg,ids
47f583530.jpg,ids
47ff23bb7.jpg,ids
47ff99e22.jpg,ids
480ab7011.jpg,ids
481d1f7be.jpg,ids
48227d20e.jpg,ids
483c2d99c.jpg,ids
484518aed.jpg,ids
485e2bb8e.jpg,ids
4867136e6.jpg,ids
487212924.jpg,ids
48837015b.jpg,ids
488450c95.jpg,ids
48911acba.jpg,ids
489f6540e.jpg,ids
48ac49218.jpg,ids
48b3ac4de.jpg,ids
48bdc6543.jpg,ids
48ccd7cf7.jpg,ids
48e386e7c.jpg,ids
48f71caf0.jpg,ids
4904bdae4.jpg,ids
492edcffd.jpg,ids
493e28d38.jpg,ids
4952f4123.jpg,ids
4959bb92e.jpg,ids
495b4e501.jpg,ids
4973629ca.jpg,ids
497ab8b2a.jpg,ids
498baf24c.jpg,ids
4994daa75.jpg,ids
499ddb1aa.jpg,ids
49b4e4b08.jpg,ids
49cd735ea.jpg,ids
49cd9a8b7.jpg,ids
49cf95c56.jpg,ids
49d66b187.jpg,ids
49d6fcfb6.jpg,ids
49d94b745.jpg,ids
49e1d1aac.jpg,ids
49e8005f1.jpg,ids
4a00cc694.jpg,ids
4a058f9da.jpg,ids
4a3e0f8f8.jpg,ids
4a42ff90f.jpg,ids
4a49dd752.jpg,ids
4a5ad8273.jpg,ids
4a6eed28f.jpg,ids
4a8a46fe3.jpg,ids
4ad48bc03.jpg,ids
4ad73da00.jpg,ids
4af796720.jpg,ids
4b095fda2.jpg,ids
4b1a2bf9d.jpg,ids
4b264a87e.jpg,ids
4b373390c.jpg,ids
4b66039fe.jpg,ids
4b6887756.jpg,ids
4b6a2ae07.jpg,ids
4b7d80cf7.jpg,ids
4b8554d24.jpg,ids
4b8a405ec.jpg,ids
4b95024d2.jpg,ids
4b97b61df.jpg,ids
4b9eae587.jpg,ids
4b9f965be.jpg,ids
4ba00ea57.jpg,ids
4bc32d8d1.jpg,ids
4be51b03d.jpg,ids
4be97b307.jpg,ids
4bf2a19d2.jpg,ids
4bf5f4126.jpg,ids
4bfdbcff3.jpg,ids
4c13d7530.jpg,ids
4c19af401.jpg,ids
4c24a19a6.jpg,ids
4c30fa9eb.jpg,ids
4c3ce3019.jpg,ids
4c420e28d.jpg,ids
4c45847a9.jpg,ids
4c48a190d.jpg,ids
4c4d468b1.jpg,ids
4c5321302.jpg,ids
4c637367f.jpg,ids
4c658deef.jpg,ids
4c7453026.jpg,ids
4c7774efa.jpg,ids
4c77a0e2b.jpg,ids
4c80f3991.jpg,ids
4c8f34aca.jpg,ids
4c9aaf030.jpg,ids
4c9ce4db9.jpg,ids
4c9d0d02a.jpg,ids
4c9fa1f4e.jpg,ids
4ca5e82ce.jpg,ids
4ca756fcd.jpg,ids
4caa19bac.jpg,ids
4cba22fda.jpg,ids
4cbf6162f.jpg,ids
4ccc1b097.jpg,ids
4cd623821.jpg,ids
4cea70601.jpg,ids
4d101b0a4.jpg,ids
4d2290538.jpg,ids
4d2d9b3a1.jpg,ids
4d3141425.jpg,ids
4d378a0b2.jpg,ids
4d503bc95.jpg,ids
4d5a2a26a.jpg,ids
4d6002e1f.jpg,ids
4d7b41bb0.jpg,ids
4d8da1776.jpg,ids
4d92c21b7.jpg,ids
4d93919c9.jpg,ids
4d99624f9.jpg,ids
4d9c4a1a0.jpg,ids
4da77a44d.jpg,ids
4dbdd08b8.jpg,ids
4dd9f1877.jpg,ids
4dda2d639.jpg,ids
4de7e887f.jpg,ids
4df7e261b.jpg,ids
4e032ed10.jpg,ids
4e07d2736.jpg,ids
4e0e41abf.jpg,ids
4e1d6c6da.jpg,ids
4e2803603.jpg,ids
4e2cf9e48.jpg,ids
4e3a3f169.jpg,ids
4e3f49baf.jpg,ids
4e41b9683.jpg,ids
4e43fbc78.jpg,ids
4e4c20baa.jpg,ids
4e5231fc3.jpg,ids
4e5c37dd1.jpg,ids
4e62cfc96.jpg,ids
4e666e284.jpg,ids
4e6c7bb1e.jpg,ids
4e7de08ff.jpg,ids
4e824e5c5.jpg,ids
4e846773b.jpg,ids
4e944b69d.jpg,ids
4e97f757c.jpg,ids
4ea1ac9e9.jpg,ids
4ea1bbd63.jpg,ids
4eba79ed5.jpg,ids
4ed07fa9c.jpg,ids
4ed6cd562.jpg,ids
4edcb8076.jpg,ids
4ee9b5b00.jpg,ids
4efac1c0c.jpg,ids
4f02ab637.jpg,ids
4f04a558d.jpg,ids
4f112fe10.jpg,ids
4f1b79464.jpg,ids
4f1eda7c4.jpg,ids
4f2a16f7d.jpg,ids
4f4187123.jpg,ids
4f4fb6075.jpg,ids
4f59c2965.jpg,ids
4f5afe01c.jpg,ids
4f690cff0.jpg,ids
4f6e2c000.jpg,ids
4f758bf97.jpg,ids
4f7706e20.jpg,ids
4f7e6a417.jpg,ids
4f8a63220.jpg,ids
4f9b3146a.jpg,ids
4fa515fc2.jpg,ids
4fbd10c7c.jpg,ids
4fcee5a2d.jpg,ids
4fd6c45b8.jpg,ids
4fe088b32.jpg,ids
4fe3ddd4d.jpg,ids
4fe8b86d5.jpg,ids
4ff13404b.jpg,ids
500f34e08.jpg,ids
501418ca3.jpg,ids
5022d0ec2.jpg,ids
502c5a117.jpg,ids
502ca1bc4.jpg,ids
502fe48e2.jpg,ids
50342537a.jpg,ids
503c59246.jpg,ids
5058ed860.jpg,ids
506f96c18.jpg,ids
5071a4f2d.jpg,ids
50b7c64f3.jpg,ids
50b87cb6f.jpg,ids
50c18c0b8.jpg,ids
50c5adeb5.jpg,ids
50c683e23.jpg,ids
50cd52cd3.jpg,ids
50dac45c4.jpg,ids
51117e923.jpg,ids
515a8ccba.jpg,ids
517779b2a.jpg,ids
51889e692.jpg,ids
518e89ebe.jpg,ids
5193db4fe.jpg,ids
51bbae7af.jpg,ids
51bf30eca.jpg,ids
51ce25ad7.jpg,ids
51e0d464e.jpg,ids
51f1e823b.jpg,ids
51f7225f9.jpg,ids
520d5b86b.jpg,ids
521aa321a.jpg,ids
5233eb682.jpg,ids
523653a6b.jpg,ids
524708bcb.jpg,ids
5256ea33f.jpg,ids
5279c6427.jpg,ids
527aa7d1b.jpg,ids
52886d920.jpg,ids
52a109ba3.jpg,ids
52a9717be.jpg,ids
52b463c68.jpg,ids
52c9ae87b.jpg,ids
52d15a86f.jpg,ids
52dc35c99.jpg,ids
52ec0976b.jpg,ids
53040af7f.jpg,ids
5317edfd4.jpg,ids
532a3fe5f.jpg,ids
5336ac99b.jpg,ids
534284730.jpg,ids
53565e549.jpg,ids
535ed8a87.jpg,ids
5374d2558.jpg,ids
5396a7034.jpg,ids
53afe1a89.jpg,ids
53b3c5ab9.jpg,ids
53bb483de.jpg,ids
53bef22bb.jpg,ids
53c11c462.jpg,ids
53c155eaa.jpg,ids
53cb1c9b1.jpg,ids
53d478023.jpg,ids
53d84ff28.jpg,ids
53dbcaa94.jpg,ids
53e1560fd.jpg,ids
53ed3ece5.jpg,ids
53f2dd9f3.jpg,ids
5401ab3e7.jpg,ids
5408b70cd.jpg,ids
541baf25f.jpg,ids
54413bab0.jpg,ids
544c35dd2.jpg,ids
5466c4cad.jpg,ids
546d104ce.jpg,ids
54744b67f.jpg,ids
547afbd5a.jpg,ids
547f648b8.jpg,ids
548b4e568.jpg,ids
54941d020.jpg,ids
54ab87570.jpg,ids
54b05b50e.jpg,ids
54b19d1ec.jpg,ids
54b718c76.jpg,ids
54b8bca95.jpg,ids
54cfc03f3.jpg,ids
54e23d692.jpg,ids
54ef6e037.jpg,ids
5505b0d4a.jpg,ids
550773f24.jpg,ids
55096ef14.jpg,ids
551bdcd50.jpg,ids
5521c8012.jpg,ids
5522b4312.jpg,ids
5530e26ea.jpg,ids
553147ff4.jpg,ids
553a73baa.jpg,ids
553ac1908.jpg,ids
5541af70d.jpg,ids
5549dec3d.jpg,ids
554c6382e.jpg,ids
555ecf96a.jpg,ids
556416e64.jpg,ids
55797d596.jpg,ids
559b6f05c.jpg,ids
55ab74496.jpg,ids
55bb49580.jpg,ids
55ca852bd.jpg,ids
55de3b531.jpg,ids
55e2d80c5.jpg,ids
55ec6cb34.jpg,ids
55f3a1de5.jpg,ids
5603591e9.jpg,ids
560a4ba05.jpg,ids
560c1893f.jpg,ids
5620b6707.jpg,ids
562dc521c.jpg,ids
5635eab8a.jpg,ids
566024859.jpg,ids
5661bcd1c.jpg,ids
567aadb33.jpg,ids
567be2616.jpg,ids
568149043.jpg,ids
5699de41b.jpg,ids
56a8410d5.jpg,ids
56adf19dd.jpg,ids
56bd67fb8.jpg,ids
56bf3d918.jpg,ids
56c01f0d2.jpg,ids
56cc88e19.jpg,ids
56d0556f2.jpg,ids
56d173848.jpg,ids
56ffe605b.jpg,ids
5713f2707.jpg,ids
57181a13e.jpg,ids
5726968f8.jpg,ids
5739fac4f.jpg,ids
575a256a4.jpg,ids
575f8b348.jpg,ids
5774a974d.jpg,ids
57788ff42.jpg,ids
5791956d5.jpg,ids
5792c9d72.jpg,ids
57a8bca6f.jpg,ids
57b0c49fe.jpg,ids
57b82ee56.jpg,ids
57c86a899.jpg,ids
57d16d855.jpg,ids
57e9023f6.jpg,ids
57fb576e5.jpg,ids
5801a86e0.jpg,ids
580c58624.jpg,ids
5812b2424.jpg,ids
581addd10.jpg,ids
582316a38.jpg,ids
5831e0bef.jpg,ids
583f276ac.jpg,ids
5840fd583.jpg,ids
5854f8b42.jpg,ids
5865a75c1.jpg,ids
587a28f85.jpg,ids
588012171.jpg,ids
58860af58.jpg,ids
58ab8a3ac.jpg,ids
58bc26a4d.jpg,ids
58e4d84b4.jpg,ids
58efde463.jpg,ids
58f3fb400.jpg,ids
58f47528c.jpg,ids
58f61e7f4.jpg,ids
58f915065.jpg,ids
5904ff7a1.jpg,ids
592c0328e.jpg,ids
594b2c5a6.jpg,ids
5955bd1cb.jpg,ids
595ba5d28.jpg,ids
595fd8bf2.jpg,ids
5966e9e70.jpg,ids
5970d9bbd.jpg,ids
5984c200c.jpg,ids
5993e9c5a.jpg,ids
59a1d21e3.jpg,ids
59b302402.jpg,ids
59b93962b.jpg,ids
59db3dea3.jpg,ids
59f21e395.jpg,ids
59fca0fda.jpg,ids
5a02bb81b.jpg,ids
5a0c47114.jpg,ids
5a0ed048f.jpg,ids
5a10260eb.jpg,ids
5a122bd98.jpg,ids
5a18b6471.jpg,ids
5a2ebf080.jpg,ids
5a3e15d4e.jpg,ids
5a4661384.jpg,ids
5a50af5b9.jpg,ids
5a59b5826.jpg,ids
5a7163609.jpg,ids
5a74cafef.jpg,ids
5a7ec44fa.jpg,ids
5a826b9e2.jpg,ids
5a9ce59b1.jpg,ids
5aa73f319.jpg,ids
5aa9c08ce.jpg,ids
5ac28d02f.jpg,ids
5af8beab7.jpg,ids
5afaf2ffd.jpg,ids
5b0b6a371.jpg,ids
5b0b98384.jpg,ids
5b13ee1fd.jpg,ids
5b1ae7973.jpg,ids
5b1fc565c.jpg,ids
5b313eb4d.jpg,ids
5b3f38dc8.jpg,ids
5b4370900.jpg,ids
5b4c2f872.jpg,ids
5b52d4558.jpg,ids
5b5a6d557.jpg,ids
5b5c8be00.jpg,ids
5b64d5f31.jpg,ids
5b7860ae1.jpg,ids
5b85f4d32.jpg,ids
5b89321e6.jpg,ids
5b90ee284.jpg,ids
5b96a2a48.jpg,ids
5bbe18a1f.jpg,ids
5bc2b3408.jpg,ids
5bcdec135.jpg,ids
5bd032622.jpg,ids
5bd167a57.jpg,ids
5be50beb3.jpg,ids
5c070aae8.jpg,ids
5c1a17028.jpg,ids
5c404b525.jpg,ids
5c4bd8afe.jpg,ids
5c53ecb57.jpg,ids
5c540e311.jpg,ids
5c556c3b4.jpg,ids
5c6918f2c.jpg,ids
5c75ab9de.jpg,ids
5c7effac7.jpg,ids
5c9e490ac.jpg,ids
5c9e7ba6d.jpg,ids
5ca868c81.jpg,ids
5cce7e81c.jpg,ids
5cd62b399.jpg,ids
5cd75760a.jpg,ids
5cd98d5f6.jpg,ids
5cedc4a85.jpg,ids
5cf109914.jpg,ids
5d1fb4af4.jpg,ids
5d2849847.jpg,ids
5d2f59ee9.jpg,ids
5d3db9654.jpg,ids
5d425bd02.jpg,ids
5d59b0f2e.jpg,ids
5d5d62da8.jpg,ids
5d74cf6df.jpg,ids
5d74d9f66.jpg,ids
5d78d8e5b.jpg,ids
5d7d62410.jpg,ids
5d8811d79.jpg,ids
5d9915942.jpg,ids
5da37961b.jpg,ids
5daff234a.jpg,ids
5db04ad25.jpg,ids
5db3505ac.jpg,ids
5db4348dd.jpg,ids
5dd16e629.jpg,ids
5ddc4bfc1.jpg,ids
5de14ce40.jpg,ids
5de2b43f4.jpg,ids
5de7988eb.jpg,ids
5deeb553c.jpg,ids
5deef4dd9.jpg,ids
5df8b0e34.jpg,ids
5df9ca7f2.jpg,ids
5dfc8740a.jpg,ids
5e04fc57a.jpg,ids
5e05415b8.jpg,ids
5e06a4960.jpg,ids
5e0c06461.jpg,ids
5e0d14efe.jpg,ids
5e1252411.jpg,ids
5e1d1ef46.jpg,ids
5e22e64f7.jpg,ids
5e2a0f03a.jpg,ids
5e4536e53.jpg,ids
5e4ff2c5d.jpg,ids
5e5307ca2.jpg,ids
5e54a6ee9.jpg,ids
5e668f7e2.jpg,ids
5e6bb41d8.jpg,ids
5e700af0d.jpg,ids
5e7a5f3dc.jpg,ids
5e84781dd.jpg,ids
5e8aa9239.jpg,ids
5e9474505.jpg,ids
5e94e246f.jpg,ids
5e9b956a2.jpg,ids
5ea7532ab.jpg,ids
5ea7915c6.jpg,ids
5eb452395.jpg,ids
5eb8d55cc.jpg,ids
5eccfc16d.jpg,ids
5ee059bf4.jpg,ids
5eed4830b.jpg,ids
5f0438122.jpg,ids
5f050b3a4.jpg,ids
5f2d60bce.jpg,ids
5f37a8fb3.jpg,ids
5f41af399.jpg,ids
5f4977d49.jpg,ids
5f4b305ed.jpg,ids
5f5493d11.jpg,ids
5f7bd6d42.jpg,ids
5f7be169b.jpg,ids
5f7c835bd.jpg,ids
5f943c2af.jpg,ids
5fb0f54e1.jpg,ids
5fb6bb680.jpg,ids
5fbbf0cbb.jpg,ids
5fbd42392.jpg,ids
5fca9b1f6.jpg,ids
5fcf2cb5d.jpg,ids
5fdbd71c1.jpg,ids
5fe0c6963.jpg,ids
5fe7e3da0.jpg,ids
5fea030a7.jpg,ids
5ff64c3a6.jpg,ids
600259e56.jpg,ids
6003ebe18.jpg,ids
601b03468.jpg,ids
601e646a8.jpg,ids
602c9e4e0.jpg,ids
604b50672.jpg,ids
6063aa592.jpg,ids
606edf0e6.jpg,ids
60739de55.jpg,ids
6074df80c.jpg,ids
6089968f6.jpg,ids
60936a76c.jpg,ids
60985a9e9.jpg,ids
60accb351.jpg,ids
60b3a0e18.jpg,ids
60be89f20.jpg,ids
60ce8282b.jpg,ids
60e1f50b0.jpg,ids
60e323700.jpg,ids
60eae9ed2.jpg,ids
60f56e196.jpg,ids
60f92c347.jpg,ids
60fccd8b4.jpg,ids
60fd46031.jpg,ids
61140eddb.jpg,ids
61199e869.jpg,ids
6130eb542.jpg,ids
613abb519.jpg,ids
6155b5c48.jpg,ids
6164d5583.jpg,ids
6173ba6be.jpg,ids
61a00d4a5.jpg,ids
61a5c05c4.jpg,ids
61a72f9ed.jpg,ids
61a859a5f.jpg,ids
61ac9a36d.jpg,ids
61ad2ad83.jpg,ids
61adfc6c5.jpg,ids
61b6feffd.jpg,ids
61b9d5919.jpg,ids
61d4a9cfa.jpg,ids
61e8424df.jpg,ids
61ec072ca.jpg,ids
61ec53723.jpg,ids
61ee7d0e8.jpg,ids
61fc6e28c.jpg,ids
61ff7c6c5.jpg,ids
62039685f.jpg,ids
6206bb8d7.jpg,ids
620b3a50b.jpg,ids
620ba80c9.jpg,ids
620e424b3.jpg,ids
62143fb34.jpg,ids
6217e0cd7.jpg,ids
6239397c3.jpg,ids
623ee72a9.jpg,ids
6256bc43f.jpg,ids
62599430a.jpg,ids
625b400e1.jpg,ids
6277337e5.jpg,ids
62845acf5.jpg,ids
629366e7e.jpg,ids
629e1bb60.jpg,ids
62a63b25b.jpg,ids
62ab61650.jpg,ids
62cb7dd47.jpg,ids
62d49fd91.jpg,ids
62dcbc055.jpg,ids
62de61742.jpg,ids
62dea246b.jpg,ids
62f1dbfbc.jpg,ids
62f5cfc08.jpg,ids
63042538a.jpg,ids
630f0f209.jpg,ids
6327242f9.jpg,ids
633670e33.jpg,ids
633adfeb9.jpg,ids
633e00582.jpg,ids
6341192fa.jpg,ids
63492795c.jpg,ids
634cd019c.jpg,ids
6351816eb.jpg,ids
635d59053.jpg,ids
635d80958.jpg,ids
6365381d2.jpg,ids
6367e10a0.jpg,ids
6374a8fdd.jpg,ids
637df85e0.jpg,ids
637e6e573.jpg,ids
639354c38.jpg,ids
63a1a29a7.jpg,ids
63afcbcc0.jpg,ids
63b209824.jpg,ids
63b3017ac.jpg,ids
63b4ec68f.jpg,ids
63d13fee1.jpg,ids
63e83ade3.jpg,ids
63f1a5321.jpg,ids
63f44feab.jpg,ids
6401b5552.jpg,ids
641c4a4e1.jpg,ids
6433c2d8c.jpg,ids
643e86273.jpg,ids
64424666b.jpg,ids
644470050.jpg,ids
6447f1eeb.jpg,ids
6452f09c7.jpg,ids
6471315ea.jpg,ids
64720b323.jpg,ids
6476608c3.jpg,ids
6482efd6a.jpg,ids
649733b79.jpg,ids
64a12e7f5.jpg,ids
64ad3b4cd.jpg,ids
64c5fa6b7.jpg,ids
64d0fb6c9.jpg,ids
64e4b9399.jpg,ids
64e4dc86f.jpg,ids
64ef03f10.jpg,ids
6516fdf9a.jpg,ids
6535a602e.jpg,ids
654951f81.jpg,ids
6580da83f.jpg,ids
65812d529.jpg,ids
6584e147f.jpg,ids
65afdfabd.jpg,ids
65b1444aa.jpg,ids
65b5d550a.jpg,ids
65c1c4693.jpg,ids
65cf4d60d.jpg,ids
65d02ffe3.jpg,ids
65f227e75.jpg,ids
65f30c149.jpg,ids
65f5b6df5.jpg,ids
65ffeb447.jpg,ids
6614d0af1.jpg,ids
663e3a2b6.jpg,ids
664bbd43e.jpg,ids
665aa8149.jpg,ids
665c7dade.jpg,ids
66655484e.jpg,ids
666867ebc.jpg,ids
6681af529.jpg,ids
668d5b887.jpg,ids
669257648.jpg,ids
669389c00.jpg,ids
6694282fc.jpg,ids
6699e43b5.jpg,ids
669fea0d2.jpg,ids
66d444e7c.jpg,ids
66ecd6fdb.jpg,ids
66ee1433e.jpg,ids
66f732606.jpg,ids
66f9ce34b.jpg,ids
6725210d4.jpg,ids
6728a3750.jpg,ids
6734ad6a6.jpg,ids
67353a2f7.jpg,ids
67359af86.jpg,ids
67508dfbf.jpg,ids
676a3d98d.jpg,ids
676a82059.jpg,ids
676a8a1de.jpg,ids
6770761ba.jpg,ids
677a14d01.jpg,ids
67875b513.jpg,ids
67877bb14.jpg,ids
6788bf433.jpg,ids
678b29a87.jpg,ids
67d826ec0.jpg,ids
67e148d41.jpg,ids
67e352df6.jpg,ids
67f350dca.jpg,ids
67f685b4a.jpg,ids
67f7d3b91.jpg,ids
680e72bc9.jpg,ids
681752041.jpg,ids
682615036.jpg,ids
683128770.jpg,ids
6835b26fc.jpg,ids
684b366c7.jpg,ids
684eea98c.jpg,ids
68580b658.jpg,ids
685c18b87.jpg,ids
685efe3d6.jpg,ids
686c3861b.jpg,ids
686e10c2d.jpg,ids
687099f52.jpg,ids
68a446059.jpg,ids
68abb022c.jpg,ids
68ae6bab2.jpg,ids
68af8fb88.jpg,ids
68b1adb24.jpg,ids
68bfb1f95.jpg,ids
68cd80ff5.jpg,ids
68cdbd74e.jpg,ids
68d0cb57a.jpg,ids
68e8cbe2b.jpg,ids
69174f6ce.jpg,ids
692c65701.jpg,ids
693798550.jpg,ids
69510e71b.jpg,ids
69637359a.jpg,ids
697ff1808.jpg,ids
6982920d6.jpg,ids
6985b820f.jpg,ids
698e8974a.jpg,ids
699b545c9.jpg,ids
69a60f837.jpg,ids
69b6745d4.jpg,ids
69c93070a.jpg,ids
69d4541f1.jpg,ids
69d75b8a6.jpg,ids
69d7aaa4f.jpg,ids
69dc91999.jpg,ids
69dd2de49.jpg,ids
69dee5e21.jpg,ids
69e1800fd.jpg,ids
69e745e7b.jpg,ids
6a1ad65a7.jpg,ids
6a1bf1071.jpg,ids
6a28f4d47.jpg,ids
6a40c199e.jpg,ids
6a41cb684.jpg,ids
6a484cbe9.jpg,ids
6a4ea1d99.jpg,ids
6a5a2638b.jpg,ids
6a5d0b4d0.jpg,ids
6a62fab94.jpg,ids
6a67e1921.jpg,ids
6a6b0097c.jpg,ids
6a6f7f650.jpg,ids
6a7fb5ea0.jpg,ids
6a84838dd.jpg,ids
6aad85598.jpg,ids
6abb307ba.jpg,ids
6acfdfbb6.jpg,ids
6aec27e8a.jpg,ids
6aec280ba.jpg,ids
6aee29bfb.jpg,ids
6b1d9f480.jpg,ids
6b3db19ad.jpg,ids
6b4309d0c.jpg,ids
6b47065b0.jpg,ids
6b49effe0.jpg,ids
6b4a04695.jpg,ids
6b543d3ef.jpg,ids
6b5f01cde.jpg,ids
6b674012a.jpg,ids
6b6c1e835.jpg,ids
6b74f2430.jpg,ids
6b778ae7a.jpg,ids
6b8beae46.jpg,ids
6b94bc7a2.jpg,ids
6b9f3a8d2.jpg,ids
6bb7b0076.jpg,ids
6bdd276cc.jpg,ids
6bf65a7ec.jpg,ids
6bfa71aac.jpg,ids
6bfb4edbb.jpg,ids
6c1c1c2d9.jpg,ids
6c2fb0b49.jpg,ids
6c5959e7f.jpg,ids
6c63b6e60.jpg,ids
6c6a896a1.jpg,ids
6c70bd52e.jpg,ids
6c71f3cb7.jpg,ids
6c7495e97.jpg,ids
6c9a051f0.jpg,ids
6cb4f9479.jpg,ids
6cc3c92b1.jpg,ids
6ccf857d6.jpg,ids
6ccfb24c9.jpg,ids
6cdbd6291.jpg,ids
6cde587c8.jpg,ids
6d0542c37.jpg,ids
6d27ab383.jpg,ids
6d327a912.jpg,ids
6d3810e79.jpg,ids
6d46ed5b8.jpg,ids
6d57333df.jpg,ids
6d5986b1d.jpg,ids
6d5df1ff0.jpg,ids
6d63214f0.jpg,ids
6d6709bb1.jpg,ids
6d863c6ac.jpg,ids
6d88e8973.jpg,ids
6da1b1eca.jpg,ids
6da232ada.jpg,ids
6da6816f1.jpg,ids
6db0341e6.jpg,ids
6dc941c34.jpg,ids
6dd11100f.jpg,ids
6dde0dbc8.jpg,ids
6de00314e.jpg,ids
6de16db91.jpg,ids
6de617056.jpg,ids
6e107cdfe.jpg,ids
6e1936f5e.jpg,ids
6e1fcdcb7.jpg,ids
6e230f1c4.jpg,ids
6e5ef452a.jpg,ids
6e66579b2.jpg,ids
6e760aba1.jpg,ids
6e89fb3d8.jpg,ids
6ea017a0e.jpg,ids
6ea1b4047.jpg,ids
6ea691f47.jpg,ids
6eabb166d.jpg,ids
6ebe93b4c.jpg,ids
6eca47e41.jpg,ids
6ee4e7f28.jpg,ids
6eea6df10.jpg,ids
6eef8671f.jpg,ids
6ef1c961e.jpg,ids
6ef4bcb09.jpg,ids
6ef8c7049.jpg,ids
6efd6189c.jpg,ids
6f06716af.jpg,ids
6f1932831.jpg,ids
6f41bc9d9.jpg,ids
6f45189bf.jpg,ids
6f4c444bd.jpg,ids
6f4f66aa6.jpg,ids
6f52a2df5.jpg,ids
6f5bc9d90.jpg,ids
6f64dd1df.jpg,ids
6f750f414.jpg,ids
6f76611e5.jpg,ids
6f8508e51.jpg,ids
6fb551b13.jpg,ids
6fd7ec43c.jpg,ids
6fdb99f12.jpg,ids
6fdd997e9.jpg,ids
6fe7164ef.jpg,ids
700260a63.jpg,ids
701135c90.jpg,ids
70261d8bf.jpg,ids
702a57f88.jpg,ids
7054f03b7.jpg,ids
705b33d92.jpg,ids
7061a9528.jpg,ids
706da9a27.jpg,ids
70a752ce9.jpg,ids
70af12f4c.jpg,ids
70c60ea38.jpg,ids
70d2efb61.jpg,ids
70d855b63.jpg,ids
70d9ea65c.jpg,ids
70e55a82e.jpg,ids
70ee4adcb.jpg,ids
710431d6f.jpg,ids
7107a55b8.jpg,ids
710efd139.jpg,ids
71125b7fa.jpg,ids
712ac8d5c.jpg,ids
7134919c7.jpg,ids
71487a063.jpg,ids
7149b850e.jpg,ids
714da58bc.jpg,ids
71564d091.jpg,ids
716776748.jpg,ids
716d3d957.jpg,ids
718b5d204.jpg,ids
719a2e03e.jpg,ids
71a49fb9f.jpg,ids
71a93ef28.jpg,ids
71afedd03.jpg,ids
71b308f82.jpg,ids
71bbacbf3.jpg,ids
71cc85c0e.jpg,ids
71d7a7c8d.jpg,ids
71e50ff50.jpg,ids
71ef5b73c.jpg,ids
71f809156.jpg,ids
71fc6c641.jpg,ids
72008f238.jpg,ids
72247654d.jpg,ids
7233d00ad.jpg,ids
723e7afb3.jpg,ids
7255c8c0e.jpg,ids
7260776c9.jpg,ids
7265efc78.jpg,ids
7268e6296.jpg,ids
72908b8b9.jpg,ids
72b562bb6.jpg,ids
72c45516a.jpg,ids
72cefea7e.jpg,ids
72cf1f356.jpg,ids
72d223cd2.jpg,ids
72e4e0657.jpg,ids
72ed0f702.jpg,ids
72fcc0cc0.jpg,ids
72fcffa21.jpg,ids
73102b6a0.jpg,ids
732743c3d.jpg,ids
7328725b9.jpg,ids
732b981cb.jpg,ids
732f11c3c.jpg,ids
733e2b19c.jpg,ids
733fd5857.jpg,ids
734125e59.jpg,ids
7346a89d6.jpg,ids
7356f7126.jpg,ids
7360e213e.jpg,ids
73732cbe8.jpg,ids
737a9a39a.jpg,ids
7390c3734.jpg,ids
73cd730e8.jpg,ids
73d22bd7b.jpg,ids
73e55a9c1.jpg,ids
73eb4f775.jpg,ids
73f1537fa.jpg,ids
73f4b9a53.jpg,ids
73f558f3d.jpg,ids
73f5fbae6.jpg,ids
73fc22a49.jpg,ids
73fdb7fb6.jpg,ids
741f82f39.jpg,ids
74271bc44.jpg,ids
7438f0019.jpg,ids
7444192d3.jpg,ids
74578b289.jpg,ids
74580a97d.jpg,ids
7462e166b.jpg,ids
74778a5b5.jpg,ids
748dac31b.jpg,ids
7496d03f3.jpg,ids
74a40a114.jpg,ids
74bbf647f.jpg,ids
74c25e337.jpg,ids
74e20bf47.jpg,ids
74e7fe779.jpg,ids
74fdc28f4.jpg,ids
74fdd4b11.jpg,ids
750d79aae.jpg,ids
7513ddc5e.jpg,ids
7518dee9f.jpg,ids
7519d23dd.jpg,ids
751bd2169.jpg,ids
7526967c1.jpg,ids
752d74a23.jpg,ids
7532e2ef1.jpg,ids
75340914c.jpg,ids
7570f3efe.jpg,ids
757caf69c.jpg,ids
7580bcbe4.jpg,ids
758401453.jpg,ids
758814b07.jpg,ids
7589006ca.jpg,ids
75965363d.jpg,ids
759c2f5c5.jpg,ids
75a33f604.jpg,ids
75a8e0d75.jpg,ids
75b72a0a8.jpg,ids
75c7f799b.jpg,ids
75dee2433.jpg,ids
75e6c4fda.jpg,ids
75f1368d1.jpg,ids
76052392e.jpg,ids
76053a928.jpg,ids
761a89788.jpg,ids
7625168f0.jpg,ids
7636736a7.jpg,ids
763cea205.jpg,ids
76451b26f.jpg,ids
764795e9a.jpg,ids
7649fad9d.jpg,ids
765787136.jpg,ids
765b580c6.jpg,ids
766318067.jpg,ids
767946534.jpg,ids
76a195512.jpg,ids
76a42b54e.jpg,ids
76a9dee30.jpg,ids
76b5c6df1.jpg,ids
76c2f59a1.jpg,ids
76c943d32.jpg,ids
76d0714bf.jpg,ids
76d1b6ebf.jpg,ids
76e1227c9.jpg,ids
76efc19d6.jpg,ids
76f12592e.jpg,ids
76ffe42f0.jpg,ids
7701e985a.jpg,ids
770388ee3.jpg,ids
7712683ac.jpg,ids
771fbd42c.jpg,ids
7734bb428.jpg,ids
773996d67.jpg,ids
774560b4d.jpg,ids
7763eda02.jpg,ids
77674d4e4.jpg,ids
776a26ca3.jpg,ids
77708a3a4.jpg,ids
77825443c.jpg,ids
778fc5b5f.jpg,ids
779cc8aa7.jpg,ids
779d8a353.jpg,ids
77a90b174.jpg,ids
77a9547fd.jpg,ids
77b0e2b39.jpg,ids
77b25ea3f.jpg,ids
77b2e1bdf.jpg,ids
77c1f61a2.jpg,ids
77c3f4c13.jpg,ids
77c6acd0b.jpg,ids
77d1818da.jpg,ids
77d21d657.jpg,ids
77e1b0d23.jpg,ids
77e1dafad.jpg,ids
77f134785.jpg,ids
77f9faad0.jpg,ids
780c0ed45.jpg,ids
781b5892c.jpg,ids
781c5b898.jpg,ids
7826860a2.jpg,ids
784b1cd28.jpg,ids
784b4a8b7.jpg,ids
785a6ceab.jpg,ids
785e00fdf.jpg,ids
78624ea28.jpg,ids
786551123.jpg,ids
7871e6c21.jpg,ids
787ce5c89.jpg,ids
788579e9c.jpg,ids
7885b4d2e.jpg,ids
78861b871.jpg,ids
7892823c2.jpg,ids
7894358e7.jpg,ids
78a48c521.jpg,ids
78a6acf67.jpg,ids
78a83bd62.jpg,ids
78be3a290.jpg,ids
78c68a46f.jpg,ids
78c7193b7.jpg,ids
78da1b37c.jpg,ids
78e2aaca3.jpg,ids
78efb2cd6.jpg,ids
78fbee619.jpg,ids
7901b61e3.jpg,ids
79066598c.jpg,ids
7906bdb4e.jpg,ids
792a67050.jpg,ids
792be1e55.jpg,ids
793020462.jpg,ids
79354529c.jpg,ids
793c2b982.jpg,ids
79418bacb.jpg,ids
7944ac208.jpg,ids
7945b7a2f.jpg,ids
7956c4e99.jpg,ids
796b38f31.jpg,ids
798460248.jpg,ids
798e01420.jpg,ids
799880d5c.jpg,ids
79992e736.jpg,ids
799f86aec.jpg,ids
79b95f816.jpg,ids
79c7c8c51.jpg,ids
79ccf780e.jpg,ids
79db55a62.jpg,ids
7a0583d81.jpg,ids
7a1518ffa.jpg,ids
7a153e0f8.jpg,ids
7a15fe68a.jpg,ids
7a17a39a8.jpg,ids
7a1d4718f.jpg,ids
7a1fae033.jpg,ids
7a3bb4485.jpg,ids
7a3ec1167.jpg,ids
7a3f91cb8.jpg,ids
7a59677b0.jpg,ids
7a5dd7693.jpg,ids
7a6e5be34.jpg,ids
7a859011b.jpg,ids
7a880fda3.jpg,ids
7a8db8858.jpg,ids
7a980b811.jpg,ids
7a9b6e500.jpg,ids
7ab594fea.jpg,ids
7ab80348f.jpg,ids
7ac3c9d03.jpg,ids
7ad675ed0.jpg,ids
7ae4eb3f8.jpg,ids
7aea7b14f.jpg,ids
7afaa85bd.jpg,ids
7b002bc3a.jpg,ids
7b0b75dd0.jpg,ids
7b34a8d48.jpg,ids
7b3d6386b.jpg,ids
7b42ef3ab.jpg,ids
7b507c0c8.jpg,ids
7b65cd231.jpg,ids
7b970d88e.jpg,ids
7b99c31ea.jpg,ids
7b9a5e4d8.jpg,ids
7ba47f007.jpg,ids
7bac49131.jpg,ids
7bafe88c7.jpg,ids
7bc24b128.jpg,ids
7beec1f3d.jpg,ids
7c19c4887.jpg,ids
7c1feab7b.jpg,ids
7c22a9819.jpg,ids
7c28c87c0.jpg,ids
7c3f7eded.jpg,ids
7c4ce4fb2.jpg,ids
7c5738c4c.jpg,ids
7c631214a.jpg,ids
7c67bbafd.jpg,ids
7c6ebcac5.jpg,ids
7c6f9f150.jpg,ids
7c7b90bbb.jpg,ids
7c803d76f.jpg,ids
7c94005c1.jpg,ids
7c96c95c7.jpg,ids
7cabb0c94.jpg,ids
7cc6c9198.jpg,ids
7cc96504e.jpg,ids
7cccb8276.jpg,ids
7ccd75b12.jpg,ids
7ccf2eab9.jpg,ids
7cea9bce9.jpg,ids
7d0dcdcdc.jpg,ids
7d22f12b0.jpg,ids
7d308e8d4.jpg,ids
7d39555d7.jpg,ids
7d54aba0b.jpg,ids
7d554c803.jpg,ids
7d622dfdc.jpg,ids
7d6bfbfbe.jpg,ids
7d7b42a4d.jpg,ids
7d84fbee8.jpg,ids
7d8ccc074.jpg,ids
7d91bce1c.jpg,ids
7d9f7706c.jpg,ids
7da758032.jpg,ids
7dbbeda80.jpg,ids
7dbc35b6c.jpg,ids
7dc40ae71.jpg,ids
7dc50227b.jpg,ids
7dc9c2fa8.jpg,ids
7dcbd7e9b.jpg,ids
7dcdf4d6a.jpg,ids
7dd485862.jpg,ids
7decc6ba2.jpg,ids
7decd802f.jpg,ids
7def9fbe6.jpg,ids
7dfe43d45.jpg,ids
7e21b1d76.jpg,ids
7e24c29b4.jpg,ids
7e2607297.jpg,ids
7e321839d.jpg,ids
7e3852b69.jpg,ids
7e389b289.jpg,ids
7e453ebba.jpg,ids
7e48fda95.jpg,ids
7e4b7ec28.jpg,ids
7e5aa2d8a.jpg,ids
7e5ea2b32.jpg,ids
7e61741d5.jpg,ids
7e677468c.jpg,ids
7e7b9e6db.jpg,ids
7e7ea91d6.jpg,ids
7e7fbb1e6.jpg,ids
7e950c15e.jpg,ids
7e9c73f50.jpg,ids
7eb42d490.jpg,ids
7ebb9bfd6.jpg,ids
7ec09d17c.jpg,ids
7ec1c62ee.jpg,ids
7ecb51a52.jpg,ids
7ece2a771.jpg,ids
7ed2020e8.jpg,ids
7ed9a720e.jpg,ids
7eda2c353.jpg,ids
7edc80380.jpg,ids
7ef4447e9.jpg,ids
7ef941dcb.jpg,ids
7f0f0457d.jpg,ids
7f1ce0aa3.jpg,ids
7f2347ca5.jpg,ids
7f3aafbd2.jpg,ids
7f46790b8.jpg,ids
7f47c615d.jpg,ids
7f4a51f88.jpg,ids
7f4de2321.jpg,ids
7f4f414e0.jpg,ids
7f5d81c50.jpg,ids
7f6260e98.jpg,ids
7f75aae4a.jpg,ids
7f8248b2a.jpg,ids
7f9be797b.jpg,ids
7fba36f8c.jpg,ids
7fc52b6ce.jpg,ids
7fc838291.jpg,ids
7fd05d57c.jpg,ids
7fe2c3a31.jpg,ids
8011b9b6f.jpg,ids
801b095f2.jpg,ids
80234922c.jpg,ids
8029fab03.jpg,ids
80341532b.jpg,ids
803dfbd4b.jpg,ids
804b4ba9d.jpg,ids
8063d319b.jpg,ids
8066c76cf.jpg,ids
80749b3ab.jpg,ids
8076c28db.jpg,ids
8079fafd3.jpg,ids
8083bacc0.jpg,ids
80b24a333.jpg,ids
80bc22d87.jpg,ids
80c834dc1.jpg,ids
80c9046c1.jpg,ids
80d07981d.jpg,ids
80d53cdf4.jpg,ids
80e1cf309.jpg,ids
80e7b472d.jpg,ids
80e89555b.jpg,ids
80efd7b6e.jpg,ids
80f79202e.jpg,ids
80f928240.jpg,ids
810b07b13.jpg,ids
810bab89c.jpg,ids
812d68b5d.jpg,ids
812ea69cf.jpg,ids
814086f62.jpg,ids
81538729e.jpg,ids
81727689e.jpg,ids
817d8fa5a.jpg,ids
818029ec2.jpg,ids
8190c00d2.jpg,ids
8192516d9.jpg,ids
819989c6b.jpg,ids
81a4b7f5c.jpg,ids
81b6dd466.jpg,ids
81c5158a8.jpg,ids
81ca646c4.jpg,ids
81ede8b8c.jpg,ids
81ee910b9.jpg,ids
81f953cc3.jpg,ids
820528460.jpg,ids
821e04d17.jpg,ids
82233a173.jpg,ids
822918d1e.jpg,ids
8248f1414.jpg,ids
824cfcebd.jpg,ids
82631cbc9.jpg,ids
826a34e8d.jpg,ids
826c82493.jpg,ids
82737e123.jpg,ids
827686566.jpg,ids
828a0641d.jpg,ids
828d5c180.jpg,ids
82c6df4eb.jpg,ids
82cd6164f.jpg,ids
82d065e82.jpg,ids
82d7754a9.jpg,ids
82d9e52e2.jpg,ids
82da612ae.jpg,ids
82dc95fb9.jpg,ids
82e64ace5.jpg,ids
82eae72ca.jpg,ids
82ef170b5.jpg,ids
82f07eb60.jpg,ids
83050f924.jpg,ids
830760887.jpg,ids
83145fd08.jpg,ids
83171df9f.jpg,ids
8336c3836.jpg,ids
833ddc8e9.jpg,ids
833e53b6c.jpg,ids
834def6ec.jpg,ids
8359c3a48.jpg,ids
8359e5271.jpg,ids
838e68423.jpg,ids
83aab9c10.jpg,ids
83b2ca5aa.jpg,ids
83b65dca8.jpg,ids
83bc303ee.jpg,ids
83c3d2c78.jpg,ids
83d1cd96a.jpg,ids
83e49293b.jpg,ids
83f022591.jpg,ids
83f0a3832.jpg,ids
83ff23f2b.jpg,ids
840d4f9ed.jpg,ids
8436f88ba.jpg,ids
8441cf9d6.jpg,ids
844e7735f.jpg,ids
84574dfbc.jpg,ids
845acb424.jpg,ids
846d384ba.jpg,ids
847873ec9.jpg,ids
847cfbf08.jpg,ids
848316aa5.jpg,ids
848c9c1ec.jpg,ids
848e90f7a.jpg,ids
8491716bf.jpg,ids
8493dc51b.jpg,ids
8495866fb.jpg,ids
8498fec74.jpg,ids
849afd0c9.jpg,ids
849d0a91d.jpg,ids
84a58826e.jpg,ids
84bfa0814.jpg,ids
84e2e177d.jpg,ids
84f1d66d3.jpg,ids
84f2e9f9f.jpg,ids
84f8f7f86.jpg,ids
851bf6d42.jpg,ids
852ae8026.jpg,ids
85369a41f.jpg,ids
854de897a.jpg,ids
8561eb6c0.jpg,ids
856f69c66.jpg,ids
8574a995d.jpg,ids
857c5fadd.jpg,ids
858076e11.jpg,ids
8593b130a.jpg,ids
8593b5e71.jpg,ids
859a2336b.jpg,ids
859e1399e.jpg,ids
85a69b39f.jpg,ids
85a874d1f.jpg,ids
85a95e7a8.jpg,ids
85b90ab33.jpg,ids
85c0b911a.jpg,ids
85c4fb96f.jpg,ids
85cd1bb3d.jpg,ids
85d241439.jpg,ids
85e307b7d.jpg,ids
85ea2a09a.jpg,ids
86000502a.jpg,ids
8604b8367.jpg,ids
861044cde.jpg,ids
86166cd8e.jpg,ids
862e8ff5e.jpg,ids
8657c556f.jpg,ids
865c789b1.jpg,ids
8669b5572.jpg,ids
8670cf7af.jpg,ids
8688942a4.jpg,ids
86a36e6d9.jpg,ids
86ae42e4d.jpg,ids
86c0637fa.jpg,ids
86c1579bf.jpg,ids
86e7fb4ce.jpg,ids
86ecca3f4.jpg,ids
86efcc523.jpg,ids
86f1f0148.jpg,ids
870523991.jpg,ids
870c50079.jpg,ids
87511700d.jpg,ids
8752dfba4.jpg,ids
8762e8619.jpg,ids
8763a9311.jpg,ids
876e9b8ab.jpg,ids
877e40ed1.jpg,ids
8782bd6e9.jpg,ids
878d34181.jpg,ids
87927690e.jpg,ids
87995b352.jpg,ids
879a8b7bc.jpg,ids
879a8b7eb.jpg,ids
87c0fdf20.jpg,ids
87c26c579.jpg,ids
87d6220e7.jpg,ids
87def6a83.jpg,ids
87e6ed779.jpg,ids
87ec4811e.jpg,ids
880b0412c.jpg,ids
882135074.jpg,ids
88308125a.jpg,ids
8835fdfe2.jpg,ids
883f1d43f.jpg,ids
884a254be.jpg,ids
885bbea64.jpg,ids
885c9bc80.jpg,ids
88623fe0b.jpg,ids
886ae6e77.jpg,ids
88766032d.jpg,ids
88877d819.jpg,ids
88a1c4901.jpg,ids
88b96c5f5.jpg,ids
88ba1525a.jpg,ids
88baeec3e.jpg,ids
88c6541d8.jpg,ids
88cadabf8.jpg,ids
88da51ca5.jpg,ids
88da7d67a.jpg,ids
88e08dd2f.jpg,ids
88e3b0e93.jpg,ids
8900113e0.jpg,ids
89056eba7.jpg,ids
8915b0395.jpg,ids
891c36c4a.jpg,ids
891c84831.jpg,ids
892eebe2c.jpg,ids
89337cf99.jpg,ids
893c35a9a.jpg,ids
89450482e.jpg,ids
894bbdf55.jpg,ids
8951a26a6.jpg,ids
896378efc.jpg,ids
89691086c.jpg,ids
897e8d40d.jpg,ids
89b00d9a7.jpg,ids
89b7c01d7.jpg,ids
89cb3c449.jpg,ids
89cd386df.jpg,ids
89d280aec.jpg,ids
89d6f1899.jpg,ids
89d75f3ac.jpg,ids
89e3fd8a4.jpg,ids
89e74286b.jpg,ids
89f118f33.jpg,ids
89f238ff6.jpg,ids
89f2db06e.jpg,ids
8a02857e5.jpg,ids
8a05248a6.jpg,ids
8a0b8cdbd.jpg,ids
8a0fcee65.jpg,ids
8a10430d4.jpg,ids
8a14336da.jpg,ids
8a26e5bac.jpg,ids
8a29a5505.jpg,ids
8a3acdb6f.jpg,ids
8a5d1a340.jpg,ids
8a826cfd8.jpg,ids
8ad84babd.jpg,ids
8b0c8aecd.jpg,ids
8b23b0eb6.jpg,ids
8b369569b.jpg,ids
8b415573c.jpg,ids
8b4441e20.jpg,ids
8b44a7fe4.jpg,ids
8b6306750.jpg,ids
8b78675d9.jpg,ids
8b7ccb3da.jpg,ids
8b901cf35.jpg,ids
8ba0f14bf.jpg,ids
8bab38206.jpg,ids
8bc2c8a13.jpg,ids
8bc7ef571.jpg,ids
8bcb5d691.jpg,ids
8bcd91e55.jpg,ids
8be0c62d2.jpg,ids
8bfc48ee2.jpg,ids
8bfe9f02d.jpg,ids
8c00a4e94.jpg,ids
8c0f88b47.jpg,ids
8c1f5d73c.jpg,ids
8c25ca0b7.jpg,ids
8c2a01732.jpg,ids
8c39358b7.jpg,ids
8c3f7035c.jpg,ids
8c40013ef.jpg,ids
8c427b18b.jpg,ids
8c52ea71d.jpg,ids
8c76b3c54.jpg,ids
8c777dd58.jpg,ids
8c78fd74b.jpg,ids
8c8ed8f23.jpg,ids
8c96b5858.jpg,ids
8ca8264d3.jpg,ids
8ca9786a7.jpg,ids
8cb0c7b4c.jpg,ids
8cb1fdc56.jpg,ids
8cbe33c61.jpg,ids
8ce3a2673.jpg,ids
8ce8e994f.jpg,ids
8cf26c8db.jpg,ids
8d0f5a8a1.jpg,ids
8d2236147.jpg,ids
8d30efaa4.jpg,ids
8d5de7fa1.jpg,ids
8d601c3e1.jpg,ids
8d658ce9a.jpg,ids
8d723a8c3.jpg,ids
8d7a6d079.jpg,ids
8d8a3db3c.jpg,ids
8d9a81e41.jpg,ids
8da7abcdc.jpg,ids
8daab4b5b.jpg,ids
8dabaa610.jpg,ids
8dce78884.jpg,ids
8dded88dd.jpg,ids
8de63f641.jpg,ids
8deb2590f.jpg,ids
8deea31e7.jpg,ids
8e1125c8e.jpg,ids
8e23351c7.jpg,ids
8e25f1e2d.jpg,ids
8e2c454da.jpg,ids
8e2dabbc0.jpg,ids
8e3ad70d8.jpg,ids
8e4a22a2a.jpg,ids
8e5518209.jpg,ids
8e5c12e6b.jpg,ids
8e78db1ec.jpg,ids
8e7bf84d8.jpg,ids
8e7c984af.jpg,ids
8e8d65e2e.jpg,ids
8e9468f88.jpg,ids
8e9d4b41e.jpg,ids
8ebdece1e.jpg,ids
8ec3a46c1.jpg,ids
8edef7e0d.jpg,ids
8ee4fc22a.jpg,ids
8eefcc05c.jpg,ids
8f236320b.jpg,ids
8f54e0ffb.jpg,ids
8f6129f93.jpg,ids
8f6bf434f.jpg,ids
8f70724a0.jpg,ids
8f7565032.jpg,ids
8f7e5bd6b.jpg,ids
8f897bd34.jpg,ids
8f8b90225.jpg,ids
8f9f4e8c2.jpg,ids
8fb0f44ff.jpg,ids
8fb73ffa3.jpg,ids
8fb782e88.jpg,ids
8fcca81ec.jpg,ids
8fd0b1865.jpg,ids
8fdecbd92.jpg,ids
8fdf02e49.jpg,ids
8fe391081.jpg,ids
8fe9548aa.jpg,ids
8ff9bf1f9.jpg,ids
8fffc953c.jpg,ids
900f3eb7d.jpg,ids
900fde6a7.jpg,ids
9021dc6ed.jpg,ids
90291b5c1.jpg,ids
9031c4fd1.jpg,ids
903388119.jpg,ids
90380ed4c.jpg,ids
905636488.jpg,ids
9064d5875.jpg,ids
909ff3867.jpg,ids
90aca0a93.jpg,ids
90b651f86.jpg,ids
90b6a7222.jpg,ids
90b805b23.jpg,ids
90c1dec85.jpg,ids
90c6ee614.jpg,ids
90dbd4480.jpg,ids
90f3201dc.jpg,ids
90f4685eb.jpg,ids
910e6297a.jpg,ids
910fc7661.jpg,ids
914273766.jpg,ids
9144e4b06.jpg,ids
9148d9ef2.jpg,ids
915634485.jpg,ids
915f52b29.jpg,ids
915ff2b8d.jpg,ids
91625e27d.jpg,ids
91630f20c.jpg,ids
916bc03f1.jpg,ids
91a708f1c.jpg,ids
91aba9f13.jpg,ids
91af65847.jpg,ids
91b25cfc6.jpg,ids
91b4e6fe6.jpg,ids
91cf8090a.jpg,ids
91f63a6af.jpg,ids
91f7c0775.jpg,ids
91fa784f4.jpg,ids
91fb1e72b.jpg,ids
91fba6a65.jpg,ids
9219b6e10.jpg,ids
922878f2c.jpg,ids
922dec407.jpg,ids
923e45751.jpg,ids
9242f9ffb.jpg,ids
924d79847.jpg,ids
927322b60.jpg,ids
928f456f4.jpg,ids
92965bd77.jpg,ids
92975acd4.jpg,ids
929cf0cb6.jpg,ids
92a9b739d.jpg,ids
92ae53c62.jpg,ids
92b13aa2c.jpg,ids
92d5a33c0.jpg,ids
92d9942b4.jpg,ids
92e0eb391.jpg,ids
93011db71.jpg,ids
93210539e.jpg,ids
9339cf522.jpg,ids
9340a2951.jpg,ids
9357a08ae.jpg,ids
93605eef7.jpg,ids
936999f8a.jpg,ids
93800db93.jpg,ids
93853c907.jpg,ids
938cf9e26.jpg,ids
939bcfb1c.jpg,ids
939c3771e.jpg,ids
93a6773dc.jpg,ids
93ab1d453.jpg,ids
93cd89331.jpg,ids
93d4da731.jpg,ids
93db9d82b.jpg,ids
93df11f57.jpg,ids
93e123525.jpg,ids
93e69a0bb.jpg,ids
93fc50955.jpg,ids
940f3ab42.jpg,ids
9416ffc0c.jpg,ids
941814010.jpg,ids
943d4abe9.jpg,ids
945da1f44.jpg,ids
945e63e9c.jpg,ids
948053cc0.jpg,ids
948a83c93.jpg,ids
948dc2d5a.jpg,ids
9497dc4c4.jpg,ids
94bcbacdc.jpg,ids
94de94561.jpg,ids
94df2cd90.jpg,ids
94e414872.jpg,ids
94ff9a10b.jpg,ids
950771782.jpg,ids
950f1d39e.jpg,ids
951344d33.jpg,ids
9514501ae.jpg,ids
9560d1069.jpg,ids
95677c46d.jpg,ids
9583c8f43.jpg,ids
958e7f6c2.jpg,ids
95906a7f7.jpg,ids
95954f7d0.jpg,ids
95a8c35cf.jpg,ids
95a9f0678.jpg,ids
95ab0a0cc.jpg,ids
95b70482f.jpg,ids
95cee3fe2.jpg,ids
95ddfca91.jpg,ids
95ee92b0f.jpg,ids
95f64abb6.jpg,ids
960444f01.jpg,ids
960961f8b.jpg,ids
960d375bf.jpg,ids
962142fcf.jpg,ids
96447d743.jpg,ids
965508bd2.jpg,ids
96624af47.jpg,ids
966400cc4.jpg,ids
966672977.jpg,ids
96ec71f88.jpg,ids
96ff775a5.jpg,ids
971259c12.jpg,ids
9714deb5e.jpg,ids
97222ec46.jpg,ids
972f6d304.jpg,ids
9732b8a84.jpg,ids
9732ef920.jpg,ids
973d8acd0.jpg,ids
9742976dc.jpg,ids
9745209d5.jpg,ids
975c75df1.jpg,ids
975fac31e.jpg,ids
976a20219.jpg,ids
9786dcdaf.jpg,ids
979f47898.jpg,ids
97a5df7e3.jpg,ids
97b6c672e.jpg,ids
97bce8f29.jpg,ids
97c65a668.jpg,ids
97d45c75a.jpg,ids
97e46fd0c.jpg,ids
97f3dd6f7.jpg,ids
9805e3ddd.jpg,ids
980d79f3f.jpg,ids
983af6d9c.jpg,ids
985cc94d7.jpg,ids
98616e196.jpg,ids
9867312a6.jpg,ids
9869e2d23.jpg,ids
986baa2d6.jpg,ids
986ea1651.jpg,ids
9870d51b5.jpg,ids
9873f5fda.jpg,ids
98a4688f4.jpg,ids
98ab97a0c.jpg,ids
98b4a5a96.jpg,ids
98cd97695.jpg,ids
98ce6839f.jpg,ids
98da28f88.jpg,ids
98f03ed73.jpg,ids
9908af544.jpg,ids
9916b38e6.jpg,ids
9923701cd.jpg,ids
9933a339c.jpg,ids
9948b6fba.jpg,ids
996723335.jpg,ids
996a98815.jpg,ids
99755231f.jpg,ids
99802a08f.jpg,ids
99891d6b1.jpg,ids
99a607614.jpg,ids
99ccfa2b7.jpg,ids
99e6e0859.jpg,ids
99fcb59a4.jpg,ids
9a13be93a.jpg,ids
9a1d81978.jpg,ids
9a286a83d.jpg,ids
9a3ed5ec5.jpg,ids
9a3f08246.jpg,ids
9a44e6073.jpg,ids
9a5e5db5b.jpg,ids
9a5e9b5f8.jpg,ids
9a791a877.jpg,ids
9a839b9cb.jpg,ids
9a9976a86.jpg,ids
9a9e5c2c1.jpg,ids
9aa0994a1.jpg,ids
9aa235ada.jpg,ids
9ab04c2af.jpg,ids
9adb1eb80.jpg,ids
9adf2402a.jpg,ids
9af3031ef.jpg,ids
9b008cb14.jpg,ids
9b09270c2.jpg,ids
9b1bd2523.jpg,ids
9b2819183.jpg,ids
9b2aabc31.jpg,ids
9b2cffc0f.jpg,ids
9b2f01085.jpg,ids
9b3487121.jpg,ids
9b3bd332e.jpg,ids
9b3c54544.jpg,ids
9b3fa26f7.jpg,ids
9b4c8f469.jpg,ids
9b5818e45.jpg,ids
9b5b8cf4d.jpg,ids
9b6db0d20.jpg,ids
9b8a7766b.jpg,ids
9b8a92365.jpg,ids
9b9716164.jpg,ids
9bac44c98.jpg,ids
9bbcc6f20.jpg,ids
9bc90bb31.jpg,ids
9bc9349f1.jpg,ids
9bcaa24df.jpg,ids
9bcc512f2.jpg,ids
9bf90838e.jpg,ids
9bfe5f982.jpg,ids
9bff521c6.jpg,ids
9c0b2e885.jpg,ids
9c0bb5ba6.jpg,ids
9c1f89066.jpg,ids
9c2439644.jpg,ids
9c3283ab8.jpg,ids
9c3f5971d.jpg,ids
9c436e2ac.jpg,ids
9c49b1c32.jpg,ids
9c4b9547f.jpg,ids
9c5e0c61b.jpg,ids
9c6ea2573.jpg,ids
9c7bca816.jpg,ids
9c96be1da.jpg,ids
9c994f15c.jpg,ids
9c9c5eb06.jpg,ids
9c9daf25e.jpg,ids
9c9fd59ef.jpg,ids
9cae52138.jpg,ids
9cbcff9b6.jpg,ids
9cc2ac323.jpg,ids
9cc67910f.jpg,ids
9cf0c4fe7.jpg,ids
9d0ccd43d.jpg,ids
9d12e6a0d.jpg,ids
9d15d9a45.jpg,ids
9d1fc0710.jpg,ids
9d23d989a.jpg,ids
9d352eb0c.jpg,ids
9d48d4d48.jpg,ids
9d57886e1.jpg,ids
9d64c70eb.jpg,ids
9d66a6626.jpg,ids
9d6bb4793.jpg,ids
9d75a87db.jpg,ids
9d7e956f9.jpg,ids
9dae30b9d.jpg,ids
9db59ed83.jpg,ids
9db643706.jpg,ids
9db9b9dde.jpg,ids
9dd320bb3.jpg,ids
9df184852.jpg,ids
9dfb1d223.jpg,ids
9e23aabc4.jpg,ids
9e3c2c802.jpg,ids
9e51f9547.jpg,ids
9e5794e7e.jpg,ids
9e60a5c4f.jpg,ids
9e6855593.jpg,ids
9e8984392.jpg,ids
9e8bb35c0.jpg,ids
9e9386996.jpg,ids
9e975cfe8.jpg,ids
9ea2c58a7.jpg,ids
9eadcb0b2.jpg,ids
9eca02b3d.jpg,ids
9ed79e3ae.jpg,ids
9edda7e16.jpg,ids
9eecd4387.jpg,ids
9eed325f9.jpg,ids
9ef19ac41.jpg,ids
9efd4cbd1.jpg,ids
9f1543abc.jpg,ids
9f1706132.jpg,ids
9f359a48f.jpg,ids
9f3936291.jpg,ids
9f3a2d71b.jpg,ids
9f3a9ba78.jpg,ids
9f486ecdc.jpg,ids
9f4c4e9da.jpg,ids
9f543975b.jpg,ids
9f585150c.jpg,ids
9f59058a9.jpg,ids
9f6ca5b43.jpg,ids
9f7594eeb.jpg,ids
9f815c731.jpg,ids
9f8432c64.jpg,ids
9f901f87c.jpg,ids
9f946cee3.jpg,ids
9fa6b89fa.jpg,ids
9fc5c5b92.jpg,ids
9fe498dc2.jpg,ids
9fee9f8cc.jpg,ids
9ff247946.jpg,ids
9ffe018e0.jpg,ids
9fff73799.jpg,ids
a003f2cd4.jpg,ids
a0181e922.jpg,ids
a023df25c.jpg,ids
a02679558.jpg,ids
a03f5d0d5.jpg,ids
a056e5bea.jpg,ids
a0611b54a.jpg,ids
a06b4f2da.jpg,ids
a06f6b996.jpg,ids
a0958e4b3.jpg,ids
a09704ab3.jpg,ids
a0a23b34a.jpg,ids
a0a76d870.jpg,ids
a0af59672.jpg,ids
a0b6fed78.jpg,ids
a0ce392b4.jpg,ids
a0cff4977.jpg,ids
a0d1fac9d.jpg,ids
a0e0b2481.jpg,ids
a0f352f25.jpg,ids
a0f4876a3.jpg,ids
a1027a724.jpg,ids
a104c738e.jpg,ids
a115ed640.jpg,ids
a11956dff.jpg,ids
a13104f0b.jpg,ids
a13e2f635.jpg,ids
a16be2d30.jpg,ids
a186b1432.jpg,ids
a18c6d91a.jpg,ids
a19acb311.jpg,ids
a1a12ecfe.jpg,ids
a1a303b18.jpg,ids
a1ae7b863.jpg,ids
a1b3ad714.jpg,ids
a1cddb0d0.jpg,ids
a1d4ece95.jpg,ids
a1db32d92.jpg,ids
a1ee12c36.jpg,ids
a1f033c8c.jpg,ids
a1f0f3163.jpg,ids
a1f93114e.jpg,ids
a1faac878.jpg,ids
a1ff14e02.jpg,ids
a20f0bc36.jpg,ids
a21dc5336.jpg,ids
a2375bcd8.jpg,ids
a23b1f88f.jpg,ids
a26b65e0b.jpg,ids
a278b2fb0.jpg,ids
a27d4ff16.jpg,ids
a27f9a86b.jpg,ids
a2935e356.jpg,ids
a2a2b5087.jpg,ids
a2a7259ec.jpg,ids
a2aa58c67.jpg,ids
a2b88a793.jpg,ids
a2c752679.jpg,ids
a2d8752f0.jpg,ids
a2f030b9e.jpg,ids
a2f392535.jpg,ids
a2f5680f2.jpg,ids
a3011ef0f.jpg,ids
a3057a62d.jpg,ids
a325a8c33.jpg,ids
a325ad999.jpg,ids
a32b48f37.jpg,ids
a33e5bb54.jpg,ids
a35e96e96.jpg,ids
a365540a1.jpg,ids
a366853d8.jpg,ids
a37166b68.jpg,ids
a37ab121c.jpg,ids
a37ab2a3f.jpg,ids
a37e5cc98.jpg,ids
a3a18be07.jpg,ids
a3ab71b12.jpg,ids
a3aed41dc.jpg,ids
a3cc3aa0a.jpg,ids
a3e341b0e.jpg,ids
a3e6c57c0.jpg,ids
a3e72cdbe.jpg,ids
a3e7a5ea7.jpg,ids
a3e82c5d8.jpg,ids
a3eb71de8.jpg,ids
a41921966.jpg,ids
a419ec2a3.jpg,ids
a4281d4db.jpg,ids
a44146e79.jpg,ids
a44244870.jpg,ids
a445eb013.jpg,ids
a45cfa522.jpg,ids
a45d6d1f0.jpg,ids
a480cde21.jpg,ids
a485ec1d3.jpg,ids
a49cc1cae.jpg,ids
a4a377911.jpg,ids
a4a649165.jpg,ids
a4a84d72d.jpg,ids
a4ae33de0.jpg,ids
a4b279610.jpg,ids
a4b2cdbab.jpg,ids
a4c06b4eb.jpg,ids
a4c471ced.jpg,ids
a4c5b92d6.jpg,ids
a4cd604be.jpg,ids
a4d1000c4.jpg,ids
a4eda432b.jpg,ids
a4fa1e81a.jpg,ids
a50bc4c92.jpg,ids
a5156c83a.jpg,ids
a51759821.jpg,ids
a51ab831c.jpg,ids
a51c1f36e.jpg,ids
a522c11bf.jpg,ids
a531f32b1.jpg,ids
a532bbee8.jpg,ids
a5533dc27.jpg,ids
a5579f5cd.jpg,ids
a56d86386.jpg,ids
a580a4e24.jpg,ids
a58c5f2e7.jpg,ids
a59673915.jpg,ids
a59f8cc41.jpg,ids
a5c28eb0e.jpg,ids
a5c5df80e.jpg,ids
a5d9e12ce.jpg,ids
a5db66272.jpg,ids
a5dbaa1ab.jpg,ids
a5e66f354.jpg,ids
a5f9ffe86.jpg,ids
a60cd1ac8.jpg,ids
a611d1a1c.jpg,ids
a613ed194.jpg,ids
a620d5c2b.jpg,ids
a62b75d6d.jpg,ids
a65bf6a08.jpg,ids
a662153b6.jpg,ids
a68c9ca4d.jpg,ids
a69136e45.jpg,ids
a6ad1b8df.jpg,ids
a6ae5e132.jpg,ids
a6c11755e.jpg,ids
a6c2c5bea.jpg,ids
a6eb642ea.jpg,ids
a6f2b3723.jpg,ids
a6f4cc213.jpg,ids
a6f4e685d.jpg,ids
a7067aa1a.jpg,ids
a71aa009a.jpg,ids
a728123bd.jpg,ids
a73452407.jpg,ids
a738e7671.jpg,ids
a738fd18d.jpg,ids
a741dc07c.jpg,ids
a7422cdb0.jpg,ids
a746bbba7.jpg,ids
a7475f1c3.jpg,ids
a75a4a235.jpg,ids
a7a6d6ea9.jpg,ids
a7ab5401c.jpg,ids
a7ad640ee.jpg,ids
a7bb9870a.jpg,ids
a7da07504.jpg,ids
a7dd3f508.jpg,ids
a7ddfe7d9.jpg,ids
a7e622d1e.jpg,ids
a7e99e8ee.jpg,ids
a8032712f.jpg,ids
a811514e4.jpg,ids
a81155e37.jpg,ids
a82057b8f.jpg,ids
a825408b3.jpg,ids
a828796ac.jpg,ids
a835836cc.jpg,ids
a84a2900b.jpg,ids
a84d6b290.jpg,ids
a854a0c7c.jpg,ids
a86f292be.jpg,ids
a86ff31f7.jpg,ids
a87e7f75c.jpg,ids
a8973bc09.jpg,ids
a89c4bdf5.jpg,ids
a8a789e6f.jpg,ids
a8a9b2ffe.jpg,ids
a8bfdb8e2.jpg,ids
a8d38e291.jpg,ids
a8dad10d4.jpg,ids
a8dd1df0a.jpg,ids
a8ec62b0e.jpg,ids
a8fbbfb6c.jpg,ids
a903f7b1d.jpg,ids
a913512b0.jpg,ids
a919fb110.jpg,ids
a928926f0.jpg,ids
a9334c099.jpg,ids
a93955ecc.jpg,ids
a93ddd801.jpg,ids
a95b1eba6.jpg,ids
a968a1f70.jpg,ids
a968ea835.jpg,ids
a973ea7da.jpg,ids
a97caed52.jpg,ids
a97cf0d74.jpg,ids
a9a331a7d.jpg,ids
a9d18c1fc.jpg,ids
a9d66e58f.jpg,ids
a9d9f3586.jpg,ids
a9e32c996.jpg,ids
a9e524e11.jpg,ids
a9f32e013.jpg,ids
aa1d3fd47.jpg,ids
aa3abbb1b.jpg,ids
aa4698849.jpg,ids
aa697626c.jpg,ids
aa9865563.jpg,ids
aaa30c99e.jpg,ids
aaa3da392.jpg,ids
aaa5414b6.jpg,ids
aaa751934.jpg,ids
aaaf641c8.jpg,ids
aad364b2b.jpg,ids
aad402c91.jpg,ids
aad9049de.jpg,ids
aae00cab5.jpg,ids
aae4cb45f.jpg,ids
aaf2dde8c.jpg,ids
aaf5240af.jpg,ids
ab0e59a00.jpg,ids
ab2a4ae14.jpg,ids
ab31caf38.jpg,ids
ab33368e0.jpg,ids
ab49d02a2.jpg,ids
ab4b129d9.jpg,ids
ab591b152.jpg,ids
ab5a5d671.jpg,ids
ab64c33d8.jpg,ids
ab695cafc.jpg,ids
ab75c3bca.jpg,ids
ab9b992c8.jpg,ids
aba3cd872.jpg,ids
abadbf79a.jpg,ids
abb49af84.jpg,ids
abbdd1b09.jpg,ids
abc535dfc.jpg,ids
abf21d040.jpg,ids
abf304ace.jpg,ids
abfd278f2.jpg,ids
ac0895328.jpg,ids
ac1914bed.jpg,ids
ac242fd30.jpg,ids
ac27ad6a4.jpg,ids
ac2f3b9a2.jpg,ids
ac315290b.jpg,ids
ac33a7690.jpg,ids
ac54b5766.jpg,ids
ac593a962.jpg,ids
ac595caba.jpg,ids
ac6290ae4.jpg,ids
ac6ea9d1a.jpg,ids
ac833887c.jpg,ids
aca4fb801.jpg,ids
acc67ab92.jpg,ids
acd01a509.jpg,ids
acdf6848f.jpg,ids
ace8add1e.jpg,ids
ad039ed98.jpg,ids
ad055be2e.jpg,ids
ad0584728.jpg,ids
ad0a9f093.jpg,ids
ad1c2ab6b.jpg,ids
ad24c1df5.jpg,ids
ad2f5f34d.jpg,ids
ad3bfbd20.jpg,ids
ad49a68af.jpg,ids
ad55cc6cb.jpg,ids
ad6264194.jpg,ids
ad806233f.jpg,ids
ad8224ef0.jpg,ids
adbcb800d.jpg,ids
addf3e227.jpg,ids
adf3a9013.jpg,ids
adf413d92.jpg,ids
adf554527.jpg,ids
adf98576d.jpg,ids
ae0292fa4.jpg,ids
ae24c2045.jpg,ids
ae2f98ece.jpg,ids
ae3c0f4e5.jpg,ids
ae3f03632.jpg,ids
ae42d4c94.jpg,ids
ae453a877.jpg,ids
ae58671f3.jpg,ids
ae5b52ae0.jpg,ids
ae5f8dc8b.jpg,ids
ae691429e.jpg,ids
ae6ace027.jpg,ids
ae7795144.jpg,ids
ae7e16db8.jpg,ids
ae8489e10.jpg,ids
ae923f461.jpg,ids
aea0bd5b2.jpg,ids
aea74e88d.jpg,ids
aeaa0c8e5.jpg,ids
aeadd1952.jpg,ids
aeb320a85.jpg,ids
aed591531.jpg,ids
aed6db091.jpg,ids
aeefc5a73.jpg,ids
af064812e.jpg,ids
af081e9b6.jpg,ids
af13af6c7.jpg,ids
af1a57ca9.jpg,ids
af227bd53.jpg,ids
af299366f.jpg,ids
af307c229.jpg,ids
af5cd02a0.jpg,ids
af7382e9f.jpg,ids
af8ce2b09.jpg,ids
afcd9fc9b.jpg,ids
afcf63513.jpg,ids
afd6ad538.jpg,ids
b01af5281.jpg,ids
b02225aec.jpg,ids
b025622dc.jpg,ids
b02776dad.jpg,ids
b02f51576.jpg,ids
b03df4e31.jpg,ids
b0455d69c.jpg,ids
b05009faf.jpg,ids
b05fc60d5.jpg,ids
b06e384f3.jpg,ids
b07065bef.jpg,ids
b070903dc.jpg,ids
b071feba6.jpg,ids
b07b96fc8.jpg,ids
b07febf81.jpg,ids
b09b1548b.jpg,ids
b0ac88404.jpg,ids
b0aee440c.jpg,ids
b0b0e363b.jpg,ids
b0cd77483.jpg,ids
b0d7328b1.jpg,ids
b0f5c6c14.jpg,ids
b0f5f06c6.jpg,ids
b0fce97bb.jpg,ids
b11214de2.jpg,ids
b12f24970.jpg,ids
b13c68b8e.jpg,ids
b13ee8454.jpg,ids
b15a36613.jpg,ids
b16022d2b.jpg,ids
b16b13aeb.jpg,ids
b176d8d7b.jpg,ids
b176e9746.jpg,ids
b186e79d1.jpg,ids
b1a46be5a.jpg,ids
b1b42aae9.jpg,ids
b1c246954.jpg,ids
b1cc2e8c1.jpg,ids
b1d1aff10.jpg,ids
b1f28ee4d.jpg,ids
b1f7844eb.jpg,ids
b2157a707.jpg,ids
b22373eea.jpg,ids
b22f445cc.jpg,ids
b23c417ec.jpg,ids
b27137cf9.jpg,ids
b27bf770b.jpg,ids
b29bd2333.jpg,ids
b2b3d94a1.jpg,ids
b2b6128eb.jpg,ids
b2b613d6f.jpg,ids
b2bc57091.jpg,ids
b2c2c3911.jpg,ids
b2d4de060.jpg,ids
b2e7f66a2.jpg,ids
b30738e19.jpg,ids
b30df7c0b.jpg,ids
b315f744c.jpg,ids
b32193046.jpg,ids
b3243965d.jpg,ids
b326b3b13.jpg,ids
b333ecc30.jpg,ids
b3342aa8f.jpg,ids
b3435e53d.jpg,ids
b35007c9f.jpg,ids
b3515a440.jpg,ids
b36931e60.jpg,ids
b3733b87f.jpg,ids
b3837614d.jpg,ids
b38f96796.jpg,ids
b3961a1c9.jpg,ids
b39ea8e90.jpg,ids
b3b7e8b32.jpg,ids
b3c1e6be3.jpg,ids
b3c59b1c7.jpg,ids
b3cb9f8d8.jpg,ids
b3cd7e927.jpg,ids
b3de2cbdc.jpg,ids
b3e489429.jpg,ids
b3f423059.jpg,ids
b407295bf.jpg,ids
b41bf4a9f.jpg,ids
b426dfbdd.jpg,ids
b44a30fcb.jpg,ids
b451da5c5.jpg,ids
b4584e37f.jpg,ids
b4716e6e0.jpg,ids
b479b0669.jpg,ids
b4843b33e.jpg,ids
b4b3d2ba1.jpg,ids
b4b516a1e.jpg,ids
b4c21a161.jpg,ids
b4cb30afd.jpg,ids
b4cfd91f4.jpg,ids
b4d1e5e76.jpg,ids
b4d5a2d16.jpg,ids
b4d9644a7.jpg,ids
b4e03226d.jpg,ids
b4e47557f.jpg,ids
b4f939328.jpg,ids
b4fd5132f.jpg,ids
b4fe93f6a.jpg,ids
b523977be.jpg,ids
b53b3ec9f.jpg,ids
b54e6b74b.jpg,ids
b553a216e.jpg,ids
b56c9cde4.jpg,ids
b574b9ed9.jpg,ids
b57673a87.jpg,ids
b58dad408.jpg,ids
b591bd07e.jpg,ids
b5ac2ba79.jpg,ids
b5b98e32b.jpg,ids
b5bcf8c0f.jpg,ids
b5bdd11eb.jpg,ids
b5c16439a.jpg,ids
b5c6f3736.jpg,ids
b5c8752c2.jpg,ids
b5c982ae8.jpg,ids
b5cad5e97.jpg,ids
b5d49a514.jpg,ids
b5f59dc62.jpg,ids
b6008dacb.jpg,ids
b60dc6f76.jpg,ids
b6110ed8a.jpg,ids
b61dcfe8c.jpg,ids
b621544cd.jpg,ids
b629b3a5c.jpg,ids
b62a1f1ba.jpg,ids
b62f5d333.jpg,ids
b62fb3d35.jpg,ids
b638ac62c.jpg,ids
b639f5a49.jpg,ids
b649c5dfd.jpg,ids
b649e234a.jpg,ids
b660420dc.jpg,ids
b665f5243.jpg,ids
b66db8210.jpg,ids
b67a1a054.jpg,ids
b67ff037d.jpg,ids
b68873204.jpg,ids
b6aa28a2c.jpg,ids
b6b5673aa.jpg,ids
b6bc5400c.jpg,ids
b6bfd09f1.jpg,ids
b6f2fa0b2.jpg,ids
b6f9f0fb5.jpg,ids
b6fe626c6.jpg,ids
b70d755c0.jpg,ids
b722aba55.jpg,ids
b735d08d0.jpg,ids
b741a16dd.jpg,ids
b753be7c4.jpg,ids
b75b61d9d.jpg,ids
b75fc18b7.jpg,ids
b76afc1f8.jpg,ids
b77d8addb.jpg,ids
b78968d98.jpg,ids
b791352d9.jpg,ids
b799cd19d.jpg,ids
b7a1523ca.jpg,ids
b7a863092.jpg,ids
b7bce5c50.jpg,ids
b7c2e7cca.jpg,ids
b7c4aa1b8.jpg,ids
b7d34d527.jpg,ids
b7ec1a387.jpg,ids
b7fb1af05.jpg,ids
b810b4417.jpg,ids
b8123a1c3.jpg,ids
b8234162a.jpg,ids
b8285d163.jpg,ids
b851fd7d2.jpg,ids
b85259341.jpg,ids
b856166cf.jpg,ids
b85af3d08.jpg,ids
b86144688.jpg,ids
b87b5f9f9.jpg,ids
b881831ee.jpg,ids
b898dd9e7.jpg,ids
b8af82e35.jpg,ids
b8ba48c99.jpg,ids
b8e7f76e9.jpg,ids
b8f1f09c0.jpg,ids
b8f420e50.jpg,ids
b8f44e069.jpg,ids
b9121bff7.jpg,ids
b919e25b6.jpg,ids
b920bb093.jpg,ids
b929c5346.jpg,ids
b94ef9da5.jpg,ids
b95ab2d08.jpg,ids
b970ad0ee.jpg,ids
b973ba432.jpg,ids
b9878af66.jpg,ids
b9aefbbc8.jpg,ids
b9b454ebd.jpg,ids
b9c0dba6f.jpg,ids
b9c1cd792.jpg,ids
b9c34248b.jpg,ids
b9c387bc9.jpg,ids
b9c4ab46d.jpg,ids
b9d12c0e1.jpg,ids
b9d1c26d3.jpg,ids
b9d928f1f.jpg,ids
b9df17cfd.jpg,ids
b9f2e467e.jpg,ids
b9f4c8089.jpg,ids
b9fbd001c.jpg,ids
ba1deec1a.jpg,ids
ba2cd5c27.jpg,ids
ba420b500.jpg,ids
ba4937b08.jpg,ids
ba4a0a2cf.jpg,ids
ba50a7085.jpg,ids
ba63b9adf.jpg,ids
ba75245b6.jpg,ids
ba786d02d.jpg,ids
ba834eefb.jpg,ids
ba87af63b.jpg,ids
ba95fee14.jpg,ids
baa2f9fd5.jpg,ids
bab677eb6.jpg,ids
bab87d5ae.jpg,ids
baca818c2.jpg,ids
bacdc3712.jpg,ids
badcfc5ad.jpg,ids
bae2440e0.jpg,ids
bae35896b.jpg,ids
bae9ab3a9.jpg,ids
bb01bcda7.jpg,ids
bb050a3fa.jpg,ids
bb2fcc19f.jpg,ids
bb3cc803b.jpg,ids
bb3dc811a.jpg,ids
bb4f348d0.jpg,ids
bb55e13fa.jpg,ids
bb5762775.jpg,ids
bb6fb60ad.jpg,ids
bb79656fd.jpg,ids
bb7984f48.jpg,ids
bb7b4491b.jpg,ids
bb982739b.jpg,ids
bbd274098.jpg,ids
bbe171371.jpg,ids
bc0fa14b5.jpg,ids
bc1626298.jpg,ids
bc254cbe7.jpg,ids
bc445bfc6.jpg,ids
bc4ba9efd.jpg,ids
bc5288407.jpg,ids
bc6059144.jpg,ids
bc6ec0b98.jpg,ids
bc7a32930.jpg,ids
bc84b08f1.jpg,ids
bca69f23c.jpg,ids
bcab23c56.jpg,ids
bcb33a263.jpg,ids
bcc30dfc8.jpg,ids
bcf621d30.jpg,ids
bd00e4466.jpg,ids
bd089092e.jpg,ids
bd0a3a9ba.jpg,ids
bd0b6d1dc.jpg,ids
bd0d5f3c1.jpg,ids
bd3505c5b.jpg,ids
bd3ba5e32.jpg,ids
bd3dd3306.jpg,ids
bd4ea73c9.jpg,ids
bd6eef555.jpg,ids
bd73b7dfc.jpg,ids
bd852ce34.jpg,ids
bd8ac2af6.jpg,ids
bd8f798f1.jpg,ids
bd934e044.jpg,ids
bdbb73222.jpg,ids
bdbde05e7.jpg,ids
bdceff5a5.jpg,ids
bdd06a822.jpg,ids
bdd50be32.jpg,ids
bdd8e8d91.jpg,ids
bdf1023cb.jpg,ids
bdf135338.jpg,ids
bdf2bcfd3.jpg,ids
bdfc7a2f6.jpg,ids
be009cdac.jpg,ids
be0482c53.jpg,ids
be1956309.jpg,ids
be1ca44d1.jpg,ids
be2aa4685.jpg,ids
be4128d3c.jpg,ids
be468863b.jpg,ids
be490bd2e.jpg,ids
be5d49cd7.jpg,ids
be7b6020b.jpg,ids
be7e15a63.jpg,ids
be9747a32.jpg,ids
be98fabb0.jpg,ids
bea487d1c.jpg,ids
beb086146.jpg,ids
bebca0a37.jpg,ids
befde341d.jpg,ids
bf0205e60.jpg,ids
bf06fdc0b.jpg,ids
bf14ad737.jpg,ids
bf3b0a879.jpg,ids
bf3e683c4.jpg,ids
bf474f9f5.jpg,ids
bf51a1f37.jpg,ids
bf5b7ecdc.jpg,ids
bf5bdcaff.jpg,ids
bf6543bd5.jpg,ids
bf81e98b0.jpg,ids
bf84bad36.jpg,ids
bf9136619.jpg,ids
bf918a78d.jpg,ids
bf91c46d7.jpg,ids
bf99c1d90.jpg,ids
bfb50d33c.jpg,ids
bfc9bf140.jpg,ids
bfd7576f2.jpg,ids
bfdf179ac.jpg,ids
bfec4133c.jpg,ids
bff87f104.jpg,ids
c007e9745.jpg,ids
c021c7464.jpg,ids
c0363d100.jpg,ids
c0369f1e8.jpg,ids
c0540d491.jpg,ids
c060b4ce9.jpg,ids
c08c485cf.jpg,ids
c0a28a337.jpg,ids
c0b67a006.jpg,ids
c0b70ad8f.jpg,ids
c0b831a6e.jpg,ids
c0cdf05b3.jpg,ids
c0d3ffc98.jpg,ids
c0e17825c.jpg,ids
c0e53f568.jpg,ids
c0e81d775.jpg,ids
c0f29c6b1.jpg,ids
c0fa12d43.jpg,ids
c0fef89ff.jpg,ids
c10243faa.jpg,ids
c1094d23c.jpg,ids
c10de5cad.jpg,ids
c121cc0e4.jpg,ids
c1222a10a.jpg,ids
c126a3574.jpg,ids
c12d18910.jpg,ids
c13662ef5.jpg,ids
c13aef1b3.jpg,ids
c16dd0dd9.jpg,ids
c17bcf0bd.jpg,ids
c199f1efb.jpg,ids
c1aaa7592.jpg,ids
c1b2e9be5.jpg,ids
c1b8f278e.jpg,ids
c1c96e49b.jpg,ids
c1e16f05c.jpg,ids
c1efe1f8b.jpg,ids
c21f35670.jpg,ids
c235e44cd.jpg,ids
c249c44d5.jpg,ids
c2560637d.jpg,ids
c25a2d61f.jpg,ids
c27317011.jpg,ids
c286d1009.jpg,ids
c28dba870.jpg,ids
c2a21ec0c.jpg,ids
c2a8222e9.jpg,ids
c2cdff10d.jpg,ids
c2ce9d2a4.jpg,ids
c2db30c26.jpg,ids
c2df11487.jpg,ids
c2e26b812.jpg,ids
c319dd031.jpg,ids
c326a99fb.jpg,ids
c327275eb.jpg,ids
c32e95111.jpg,ids
c3439d0c8.jpg,ids
c347db7b3.jpg,ids
c35caece1.jpg,ids
c36acef9d.jpg,ids
c36bfacb0.jpg,ids
c36e1b714.jpg,ids
c3753fbe1.jpg,ids
c380e4b8c.jpg,ids
c38d82275.jpg,ids
c39b5f1a9.jpg,ids
c39b6e53b.jpg,ids
c39e9abd5.jpg,ids
c3b9949e1.jpg,ids
c3c2680a5.jpg,ids
c3c2bb9ce.jpg,ids
c3c8c2a13.jpg,ids
c3d85d336.jpg,ids
c3daf3277.jpg,ids
c3e47f8a2.jpg,ids
c3e4f84e2.jpg,ids
c403395bd.jpg,ids
c4076688b.jpg,ids
c409ef8af.jpg,ids
c45267e7d.jpg,ids
c457bef00.jpg,ids
c45894bb7.jpg,ids
c45a4db35.jpg,ids
c45e0efa6.jpg,ids
c4618039f.jpg,ids
c4730feb8.jpg,ids
c474f98ad.jpg,ids
c4840ed22.jpg,ids
c4a4e8883.jpg,ids
c4aff2bbd.jpg,ids
c4ba2edc0.jpg,ids
c4be68ad5.jpg,ids
c4c370da8.jpg,ids
c4cefb3c6.jpg,ids
c4d44664c.jpg,ids
c4d538cf1.jpg,ids
c4ecb125f.jpg,ids
c4f0b3eb4.jpg,ids
c5315750d.jpg,ids
c5359b0e4.jpg,ids
c546b4fa4.jpg,ids
c54c0391a.jpg,ids
c55f6a251.jpg,ids
c569637cb.jpg,ids
c56f97c9a.jpg,ids
c57aba468.jpg,ids
c588dfa8a.jpg,ids
c59c50a82.jpg,ids
c5b64baa1.jpg,ids
c5b847fe9.jpg,ids
c5c1aa0ba.jpg,ids
c5c8c8c23.jpg,ids
c5e2d23d1.jpg,ids
c5e49c59e.jpg,ids
c5ea2206c.jpg,ids
c5eb27b0d.jpg,ids
c5ed1e50f.jpg,ids
c6089e927.jpg,ids
c6093058e.jpg,ids
c618d3981.jpg,ids
c619c79c6.jpg,ids
c630018e2.jpg,ids
c6349b6cd.jpg,ids
c63a2c91a.jpg,ids
c640661f3.jpg,ids
c643e026c.jpg,ids
c647fd5cb.jpg,ids
c669a3706.jpg,ids
c67410325.jpg,ids
c6781c516.jpg,ids
c679073c0.jpg,ids
c687a1575.jpg,ids
c68c738c0.jpg,ids
c6b38492e.jpg,ids
c6b54a9c1.jpg,ids
c6d34ef64.jpg,ids
c6e74898b.jpg,ids
c6eff9849.jpg,ids
c6f243563.jpg,ids
c7040a8aa.jpg,ids
c70b489ec.jpg,ids
c7114f25c.jpg,ids
c71a4bbdb.jpg,ids
c71c8e4ca.jpg,ids
c73790ed5.jpg,ids
c74822baf.jpg,ids
c7489da23.jpg,ids
c7552a275.jpg,ids
c75b777d1.jpg,ids
c791aa667.jpg,ids
c794a603b.jpg,ids
c7a0fa1d2.jpg,ids
c7a1eb5c6.jpg,ids
c7a84b17b.jpg,ids
c7b539695.jpg,ids
c7c6f0e6b.jpg,ids
c7c71f252.jpg,ids
c7c9fc57f.jpg,ids
c7cc66472.jpg,ids
c7d222e02.jpg,ids
c7d8064c8.jpg,ids
c7e62fa31.jpg,ids
c7ff2f1af.jpg,ids
c80a6bdbc.jpg,ids
c80c213ca.jpg,ids
c8186a040.jpg,ids
c81fb4f12.jpg,ids
c826bca40.jpg,ids
c8270cd80.jpg,ids
c829b321b.jpg,ids
c83e55670.jpg,ids
c84056f7e.jpg,ids
c85280e18.jpg,ids
c862d4a77.jpg,ids
c864a6606.jpg,ids
c89294373.jpg,ids
c898acf1e.jpg,ids
c899d4d4c.jpg,ids
c89acce1e.jpg,ids
c8a283409.jpg,ids
c8d1b3e1a.jpg,ids
c8dcfaefe.jpg,ids
c91ccffbb.jpg,ids
c930a3c1a.jpg,ids
c9623e58b.jpg,ids
c964779b0.jpg,ids
c96beee45.jpg,ids
c96f81333.jpg,ids
c9b762081.jpg,ids
c9bb74e35.jpg,ids
c9c36c196.jpg,ids
c9c73bf77.jpg,ids
c9d10d330.jpg,ids
c9dcc6ee7.jpg,ids
c9e66b0d6.jpg,ids
c9f3a52b9.jpg,ids
ca0756bf7.jpg,ids
ca1895a91.jpg,ids
ca1dd39e4.jpg,ids
ca2ba8009.jpg,ids
ca38267c0.jpg,ids
ca4a0aaef.jpg,ids
ca7712798.jpg,ids
ca797e9ad.jpg,ids
ca80644c6.jpg,ids
ca896276e.jpg,ids
caa04a423.jpg,ids
cacf78803.jpg,ids
cad6e1d9d.jpg,ids
cadc185bb.jpg,ids
cae7bb813.jpg,ids
caf667fe8.jpg,ids
caf7fa7ca.jpg,ids
cb0cd509a.jpg,ids
cb0dfcfab.jpg,ids
cb173b7e1.jpg,ids
cb19622a7.jpg,ids
cb1a49d2f.jpg,ids
cb29e9140.jpg,ids
cb2c938b5.jpg,ids
cb30ba8eb.jpg,ids
cb3450880.jpg,ids
cb376146b.jpg,ids
cb43984c9.jpg,ids
cb47236bc.jpg,ids
cb4b4eb06.jpg,ids
cb4ff59d0.jpg,ids
cb5b62ac6.jpg,ids
cb5e32e4b.jpg,ids
cb7989c25.jpg,ids
cb8335c44.jpg,ids
cb8414acb.jpg,ids
cb9e59060.jpg,ids
cba9c0bec.jpg,ids
cbdf21146.jpg,ids
cbe92ba66.jpg,ids
cbf641281.jpg,ids
cbfefdffe.jpg,ids
cc1d99f12.jpg,ids
cc24ae061.jpg,ids
cc293ec64.jpg,ids
cc44de1e1.jpg,ids
cc4af1fc1.jpg,ids
cc5a5f45b.jpg,ids
cc5fdd2d2.jpg,ids
cc64190df.jpg,ids
cc7b82954.jpg,ids
cc87738d5.jpg,ids
cc944db46.jpg,ids
ccad64fe4.jpg,ids
ccb182f07.jpg,ids
ccb378a30.jpg,ids
ccbb46d15.jpg,ids
ccbb5b8fb.jpg,ids
ccc939910.jpg,ids
ccc99efe1.jpg,ids
ccd32ce5e.jpg,ids
cce87492e.jpg,ids
ccf236d9f.jpg,ids
cd1282ecf.jpg,ids
cd14c3a72.jpg,ids
cd310f07c.jpg,ids
cd3a073a2.jpg,ids
cd437a15c.jpg,ids
cd49e7801.jpg,ids
cd520d861.jpg,ids
cd598b557.jpg,ids
cd5b23ddc.jpg,ids
cd718a734.jpg,ids
cd74ca177.jpg,ids
cd8852f52.jpg,ids
cd914c706.jpg,ids
cd963d31c.jpg,ids
cda0718ef.jpg,ids
cda215039.jpg,ids
cda9b0a49.jpg,ids
cdc6f42dd.jpg,ids
cdcd5e9d2.jpg,ids
cde2c56db.jpg,ids
cde4ffc7e.jpg,ids
cdf80e83a.jpg,ids
ce202f5de.jpg,ids
ce3c13918.jpg,ids
ce414385f.jpg,ids
ce47e9579.jpg,ids
ce5686c91.jpg,ids
ce5693f0a.jpg,ids
ce57238d9.jpg,ids
ce5c6aedf.jpg,ids
ce6711c36.jpg,ids
ce6ec0042.jpg,ids
ce96a5ff2.jpg,ids
ceb7daf3c.jpg,ids
cec5ade31.jpg,ids
cef24e5d6.jpg,ids
cf0139fdd.jpg,ids
cf1bac15f.jpg,ids
cf2115a7e.jpg,ids
cf23291f9.jpg,ids
cf247c773.jpg,ids
cf2ed17e4.jpg,ids
cf46721cb.jpg,ids
cf4fcec1d.jpg,ids
cf62b5660.jpg,ids
cf722e7d3.jpg,ids
cf80e7b88.jpg,ids
cf8fa3bce.jpg,ids
cf9cdfa43.jpg,ids
cf9db554a.jpg,ids
cfa32fb80.jpg,ids
cfd6d8290.jpg,ids
cfda0fad9.jpg,ids
cff1c391d.jpg,ids
d010f6685.jpg,ids
d03054a70.jpg,ids
d03793e4b.jpg,ids
d05c1b496.jpg,ids
d06a9ac7d.jpg,ids
d074090da.jpg,ids
d07bdb304.jpg,ids
d07edf96e.jpg,ids
d07f5c53a.jpg,ids
d085a3d3c.jpg,ids
d090d6c9f.jpg,ids
d095ec387.jpg,ids
d09e615da.jpg,ids
d0c8da9ec.jpg,ids
d0ea31f6f.jpg,ids
d0eccd9d7.jpg,ids
d0f9e3be4.jpg,ids
d105fb350.jpg,ids
d10802d5d.jpg,ids
d116666f9.jpg,ids
d11e63400.jpg,ids
d120da2ec.jpg,ids
d12e0e58f.jpg,ids
d12f15ec6.jpg,ids
d12fbe9c0.jpg,ids
d135ce2a1.jpg,ids
d13d6ba68.jpg,ids
d13f95d3d.jpg,ids
d1480b010.jpg,ids
d154f84ee.jpg,ids
d16042230.jpg,ids
d1830eef6.jpg,ids
d1c7928e0.jpg,ids
d1d0723f9.jpg,ids
d1dd52967.jpg,ids
d1de2102b.jpg,ids
d1f7fd7c8.jpg,ids
d1fbc9ce2.jpg,ids
d1ff383cb.jpg,ids
d2220ebc0.jpg,ids
d2255eed6.jpg,ids
d24552d1b.jpg,ids
d248bb210.jpg,ids
d249d5cd1.jpg,ids
d24bb68ad.jpg,ids
d252437b4.jpg,ids
d2593c417.jpg,ids
d26999767.jpg,ids
d26c27a52.jpg,ids
d28089092.jpg,ids
d28909e74.jpg,ids
d29d32968.jpg,ids
d2a18b724.jpg,ids
d2bcb7a1f.jpg,ids
d2bdcce36.jpg,ids
d2bdfa83e.jpg,ids
d2ec3c2b6.jpg,ids
d3001c5af.jpg,ids
d30601754.jpg,ids
d30cfb07e.jpg,ids
d3252cbf1.jpg,ids
d33cd4ae5.jpg,ids
d34d7e359.jpg,ids
d34db2baa.jpg,ids
d34ed3c30.jpg,ids
d357f4dff.jpg,ids
d35e49358.jpg,ids
d35eaac4e.jpg,ids
d3639b3e5.jpg,ids
d36b7ee22.jpg,ids
d36bfbf0e.jpg,ids
d36cb74e4.jpg,ids
d36d1c9ba.jpg,ids
d377c0535.jpg,ids
d37dcccd6.jpg,ids
d39df443c.jpg,ids
d3a40f2d4.jpg,ids
d3b0dd0fd.jpg,ids
d3b15e280.jpg,ids
d3be53b10.jpg,ids
d3c26d949.jpg,ids
d3e79719f.jpg,ids
d3e8252d2.jpg,ids
d3eb6e78f.jpg,ids
d3fa0cc04.jpg,ids
d3fc878ff.jpg,ids
d402dce26.jpg,ids
d41c4184b.jpg,ids
d42219c60.jpg,ids
d42c1f7f2.jpg,ids
d45fbe63e.jpg,ids
d466f064a.jpg,ids
d4677f6f3.jpg,ids
d46df70f0.jpg,ids
d46e56de8.jpg,ids
d4708bb7d.jpg,ids
d47b091ce.jpg,ids
d49b0e260.jpg,ids
d49c98ce4.jpg,ids
d4a20c227.jpg,ids
d4acd2a1d.jpg,ids
d4ae4658d.jpg,ids
d4c858a74.jpg,ids
d4c9275be.jpg,ids
d4cae841c.jpg,ids
d4cb9d6e4.jpg,ids
d4ce8afee.jpg,ids
d4cec1af8.jpg,ids
d4dade3a1.jpg,ids
d507489ac.jpg,ids
d510294c0.jpg,ids
d512069c2.jpg,ids
d532eb645.jpg,ids
d5360406f.jpg,ids
d53ac7b83.jpg,ids
d5405936f.jpg,ids
d541431e1.jpg,ids
d546fec70.jpg,ids
d55255aa6.jpg,ids
d553ab46a.jpg,ids
d55475ea0.jpg,ids
d5640c7e9.jpg,ids
d56962b80.jpg,ids
d5724ae7a.jpg,ids
d57c1723a.jpg,ids
d58995cc5.jpg,ids
d593a9aa7.jpg,ids
d594828ce.jpg,ids
d594ff137.jpg,ids
d5997851b.jpg,ids
d5a5a03df.jpg,ids
d5a73d437.jpg,ids
d5b8fb929.jpg,ids
d5bf858ae.jpg,ids
d5df591be.jpg,ids
d5e83881e.jpg,ids
d5fb023dc.jpg,ids
d6010cb21.jpg,ids
d604bdf53.jpg,ids
d6065aae9.jpg,ids
d608f08ea.jpg,ids
d61de02f4.jpg,ids
d61edb671.jpg,ids
d63615567.jpg,ids
d63818720.jpg,ids
d63a01542.jpg,ids
d6493c938.jpg,ids
d6541e908.jpg,ids
d6577e105.jpg,ids
d671fff11.jpg,ids
d690d2ea1.jpg,ids
d697a11f6.jpg,ids
d69bcaf91.jpg,ids
d6a2fcf67.jpg,ids
d6a92a7f9.jpg,ids
d6c1759e1.jpg,ids
d6cb92639.jpg,ids
d6cc6e140.jpg,ids
d6d6c8dd5.jpg,ids
d6dce5f26.jpg,ids
d6e78e123.jpg,ids
d6f3f2fe7.jpg,ids
d70253731.jpg,ids
d7034ad97.jpg,ids
d704af259.jpg,ids
d70ddbd8f.jpg,ids
d70f0cfbb.jpg,ids
d712d6223.jpg,ids
d71426150.jpg,ids
d717b1f1e.jpg,ids
d728395fc.jpg,ids
d748fb93c.jpg,ids
d74d08778.jpg,ids
d753c6a96.jpg,ids
d75a2a0fa.jpg,ids
d76b5e568.jpg,ids
d786cc6ae.jpg,ids
d79731004.jpg,ids
d797b0096.jpg,ids
d7a0788a8.jpg,ids
d7a9c3ebb.jpg,ids
d7aeff512.jpg,ids
d7b2929f1.jpg,ids
d7b31fe02.jpg,ids
d7b3b1627.jpg,ids
d7b5699ab.jpg,ids
d7c258bb8.jpg,ids
d7c54a090.jpg,ids
d7c6da7c8.jpg,ids
d7ca2a959.jpg,ids
d7dd82999.jpg,ids
d7de58282.jpg,ids
d7ee44a3d.jpg,ids
d7ee7d94c.jpg,ids
d7f90e8c5.jpg,ids
d7f9f8619.jpg,ids
d802a3f4b.jpg,ids
d803caa6f.jpg,ids
d810de169.jpg,ids
d822deecd.jpg,ids
d831d28ee.jpg,ids
d833c83d0.jpg,ids
d839d4258.jpg,ids
d85a78625.jpg,ids
d85fbabeb.jpg,ids
d861d3db1.jpg,ids
d86576282.jpg,ids
d87f274a8.jpg,ids
d8aacb605.jpg,ids
d8ac0a478.jpg,ids
d8ba8d172.jpg,ids
d8be4f3a8.jpg,ids
d8cb674a8.jpg,ids
d8da5dac9.jpg,ids
d8e0fda68.jpg,ids
d8e58cee5.jpg,ids
d8ea3698f.jpg,ids
d8f60e027.jpg,ids
d9055aaec.jpg,ids
d90659998.jpg,ids
d91baa6d0.jpg,ids
d91cf0b58.jpg,ids
d91df6b51.jpg,ids
d92a3ba7f.jpg,ids
d9551b6ad.jpg,ids
d96251582.jpg,ids
d96ef830d.jpg,ids
d97d17e0d.jpg,ids
d9a382afe.jpg,ids
d9a60a0ab.jpg,ids
d9ba6653b.jpg,ids
d9c2bf27d.jpg,ids
d9c3311da.jpg,ids
d9eb52339.jpg,ids
d9f052261.jpg,ids
d9fa02611.jpg,ids
da1287a7b.jpg,ids
da29f7a68.jpg,ids
da3154bf3.jpg,ids
da4a70cad.jpg,ids
da5100e7e.jpg,ids
da511e523.jpg,ids
da61eb560.jpg,ids
da6f226f5.jpg,ids
da79a57bb.jpg,ids
da7b19104.jpg,ids
da7fb2119.jpg,ids
da92436b5.jpg,ids
da9c9aef6.jpg,ids
daa6a0fb0.jpg,ids
daabd88a5.jpg,ids
dab35ee02.jpg,ids
dab49a3a1.jpg,ids
dacbde81f.jpg,ids
dada7104b.jpg,ids
dae16c039.jpg,ids
daef63efc.jpg,ids
db049bd5b.jpg,ids
db087a6a0.jpg,ids
db1dd87e9.jpg,ids
db453f128.jpg,ids
db5d97a3e.jpg,ids
db5fddbab.jpg,ids
db6359550.jpg,ids
db7685ca7.jpg,ids
dbacd20a6.jpg,ids
dbc79d788.jpg,ids
dbdce0aa3.jpg,ids
dbe7fd514.jpg,ids
dbec00577.jpg,ids
dbf900e00.jpg,ids
dc0f310c3.jpg,ids
dc187cae3.jpg,ids
dc26b38ea.jpg,ids
dc3d2154d.jpg,ids
dc5b55412.jpg,ids
dc7244e95.jpg,ids
dc75b4829.jpg,ids
dc79c4100.jpg,ids
dc8618a71.jpg,ids
dcc9bf67b.jpg,ids
dccd5b7b6.jpg,ids
dcdcb64e7.jpg,ids
dcdda2959.jpg,ids
dcf0b3587.jpg,ids
dcf738b31.jpg,ids
dcf930865.jpg,ids
dcfec2515.jpg,ids
dd09c515c.jpg,ids
dd0b8f4d6.jpg,ids
dd14f6ba1.jpg,ids
dd2fccb11.jpg,ids
dd350c1aa.jpg,ids
dd3ad7c90.jpg,ids
dd3f53653.jpg,ids
dd4817cfa.jpg,ids
dd498a04a.jpg,ids
dd4ec813f.jpg,ids
dd67c7b69.jpg,ids
dd6fa7e45.jpg,ids
dd71e240c.jpg,ids
dd7603217.jpg,ids
dd7b33e42.jpg,ids
dd7dda741.jpg,ids
dd818c844.jpg,ids
dd8794ab7.jpg,ids
dd99e7d6d.jpg,ids
dda42ae36.jpg,ids
dda99e4db.jpg,ids
ddb8ba36c.jpg,ids
ddbd9d673.jpg,ids
ddcf55f7c.jpg,ids
ddd26350a.jpg,ids
dddc7467f.jpg,ids
dde21203c.jpg,ids
ddea6b14e.jpg,ids
ddf15396a.jpg,ids
ddf9da0b0.jpg,ids
ddfa69c00.jpg,ids
de033fb4e.jpg,ids
de175d0cd.jpg,ids
de1c06226.jpg,ids
de2ed4787.jpg,ids
de65d4dd6.jpg,ids
de6754c3f.jpg,ids
de78690b1.jpg,ids
de8981061.jpg,ids
de8b9e0ed.jpg,ids
de8bd2a42.jpg,ids
de8dfeb86.jpg,ids
de9365036.jpg,ids
de9af4ebc.jpg,ids
deb410dd9.jpg,ids
deb841081.jpg,ids
debe6bfa4.jpg,ids
debf6e92c.jpg,ids
dec42f3eb.jpg,ids
deccdb77e.jpg,ids
deead2b9a.jpg,ids
deeb0c736.jpg,ids
deec80b14.jpg,ids
df02f88f6.jpg,ids
df09f822a.jpg,ids
df1e0e854.jpg,ids
df54674dd.jpg,ids
df65ce3a7.jpg,ids
df859374e.jpg,ids
df9c92e57.jpg,ids
dfa69a35a.jpg,ids
dfb446097.jpg,ids
dfbe22a2f.jpg,ids
dfdaee17b.jpg,ids
dfdb13619.jpg,ids
dfe7e64c6.jpg,ids
dfecf1c15.jpg,ids
dff4881a9.jpg,ids
e00cd8587.jpg,ids
e018013dd.jpg,ids
e02684547.jpg,ids
e04ba62ea.jpg,ids
e05883983.jpg,ids
e06235a0d.jpg,ids
e070456cd.jpg,ids
e074e6fa5.jpg,ids
e0837e60d.jpg,ids
e09a3cbfe.jpg,ids
e0a91867c.jpg,ids
e0add05d3.jpg,ids
e0b0ab7ea.jpg,ids
e0b8c0449.jpg,ids
e0c084340.jpg,ids
e0cc206cb.jpg,ids
e0d56e31f.jpg,ids
e0df3304b.jpg,ids
e0e690c09.jpg,ids
e0ed96b36.jpg,ids
e0fa1221b.jpg,ids
e0ff34d7a.jpg,ids
e10368a27.jpg,ids
e10f40788.jpg,ids
e12de3dc3.jpg,ids
e14261efa.jpg,ids
e1473521a.jpg,ids
e15aa1d75.jpg,ids
e16829bc3.jpg,ids
e17badb3e.jpg,ids
e1864b7aa.jpg,ids
e186775ab.jpg,ids
e18a7c9ba.jpg,ids
e1a410a92.jpg,ids
e1b7d542d.jpg,ids
e1cc5cd3b.jpg,ids
e1edc0681.jpg,ids
e261fb7ae.jpg,ids
e26658de8.jpg,ids
e2865b4ed.jpg,ids
e2b4227db.jpg,ids
e2b438e6a.jpg,ids
e2b6d6773.jpg,ids
e2ca84843.jpg,ids
e2cd8774b.jpg,ids
e2d4aa723.jpg,ids
e2da18134.jpg,ids
e2dd4ae11.jpg,ids
e2e3c5ce2.jpg,ids
e2ebc54f6.jpg,ids
e3003a878.jpg,ids
e30223a97.jpg,ids
e30db6196.jpg,ids
e3115ff97.jpg,ids
e3119f960.jpg,ids
e3172da42.jpg,ids
e32365ecf.jpg,ids
e32e155f6.jpg,ids
e33a90ff8.jpg,ids
e34fc623e.jpg,ids
e3564a09c.jpg,ids
e36970e96.jpg,ids
e38503ef8.jpg,ids
e38e98dc2.jpg,ids
e395e37a4.jpg,ids
e3a04be9b.jpg,ids
e3a6a2879.jpg,ids
e3a7abfad.jpg,ids
e3b09e0c6.jpg,ids
e3bdf676c.jpg,ids
e3c1222a0.jpg,ids
e3c2ce80c.jpg,ids
e3d8e21cf.jpg,ids
e3e0057f2.jpg,ids
e40ed0528.jpg,ids
e423cfa4e.jpg,ids
e44137867.jpg,ids
e442aa7f9.jpg,ids
e44512212.jpg,ids
e44d9a1e9.jpg,ids
e46151a70.jpg,ids
e46d39360.jpg,ids
e477a1248.jpg,ids
e479d2e5f.jpg,ids
e48514695.jpg,ids
e488bc382.jpg,ids
e493bb160.jpg,ids
e4b2f37ef.jpg,ids
e4bca5bf4.jpg,ids
e4c49579a.jpg,ids
e4cf34b23.jpg,ids
e4d04a5b5.jpg,ids
e4d120071.jpg,ids
e501f5bfc.jpg,ids
e5083781e.jpg,ids
e50f74583.jpg,ids
e542da67f.jpg,ids
e578f197a.jpg,ids
e58d5589c.jpg,ids
e5982ded0.jpg,ids
e599b05f8.jpg,ids
e5a49d981.jpg,ids
e5a57148b.jpg,ids
e5a6a4147.jpg,ids
e5b07480e.jpg,ids
e5ba8e9f4.jpg,ids
e5d18ad32.jpg,ids
e604bfbac.jpg,ids
e60be6272.jpg,ids
e60e344e9.jpg,ids
e642742b2.jpg,ids
e6471e54f.jpg,ids
e66048d20.jpg,ids
e6607ad04.jpg,ids
e666f1c5c.jpg,ids
e66fd47fb.jpg,ids
e6734941a.jpg,ids
e6820bd9d.jpg,ids
e6b70421a.jpg,ids
e6da3b8d0.jpg,ids
e6dd1c3a8.jpg,ids
e6e0feebb.jpg,ids
e6e1619d3.jpg,ids
e6e9e7f9d.jpg,ids
e71163fca.jpg,ids
e726adbdf.jpg,ids
e7394b2be.jpg,ids
e74daf7ca.jpg,ids
e78a3f4aa.jpg,ids
e7a743075.jpg,ids
e7a835e76.jpg,ids
e7b61c2c7.jpg,ids
e7c5c3efc.jpg,ids
e7eed90dc.jpg,ids
e7f212da2.jpg,ids
e815c755e.jpg,ids
e81bba8ce.jpg,ids
e81ced0a4.jpg,ids
e8249c2cb.jpg,ids
e85760f33.jpg,ids
e85e333a2.jpg,ids
e880a0ac6.jpg,ids
e885f1b0a.jpg,ids
e88debd93.jpg,ids
e8a078a35.jpg,ids
e8adedbac.jpg,ids
e8af3a144.jpg,ids
e8c52025f.jpg,ids
e8e7bd363.jpg,ids
e91b1e52f.jpg,ids
e91f67b7b.jpg,ids
e929802ba.jpg,ids
e92c45748.jpg,ids
e932b9c13.jpg,ids
e93cca68d.jpg,ids
e93f85544.jpg,ids
e9577799d.jpg,ids
e959aee96.jpg,ids
e95b3f198.jpg,ids
e96745d9f.jpg,ids
e97a35f4b.jpg,ids
e98522f11.jpg,ids
e9946700e.jpg,ids
e9a5ce3d7.jpg,ids
e9b5c96bd.jpg,ids
e9b6dcefd.jpg,ids
e9b8fa101.jpg,ids
e9d02d0e5.jpg,ids
e9d590ec8.jpg,ids
e9f786924.jpg,ids
ea05dd80d.jpg,ids
ea0be839d.jpg,ids
ea123efcf.jpg,ids
ea1778da7.jpg,ids
ea29b21a8.jpg,ids
ea42e4898.jpg,ids
ea734126c.jpg,ids
ea7949847.jpg,ids
ea7ccd063.jpg,ids
ea8c91f4f.jpg,ids
ea94e1a0e.jpg,ids
ea9995722.jpg,ids
ea9b1256f.jpg,ids
ea9d5b437.jpg,ids
eaa83e51f.jpg,ids
eab0bc54b.jpg,ids
eab9d8d27.jpg,ids
eabe9965d.jpg,ids
eac0c8053.jpg,ids
eaee6394f.jpg,ids
eaef8e463.jpg,ids
eaf8301bf.jpg,ids
eaffbd29b.jpg,ids
eb12a83ea.jpg,ids
eb17b7072.jpg,ids
eb19e557f.jpg,ids
eb1eb6f3b.jpg,ids
eb205302a.jpg,ids
eb29cecad.jpg,ids
eb2a610bd.jpg,ids
eb59470c7.jpg,ids
eb67ba377.jpg,ids
eb6f079ef.jpg,ids
eb773eaa7.jpg,ids
eb7effa1a.jpg,ids
eb810c7a1.jpg,ids
eb86557db.jpg,ids
eb8764f2a.jpg,ids
eb8b69ec1.jpg,ids
eb8e05228.jpg,ids
eb8f4546e.jpg,ids
eb9eaa9ce.jpg,ids
eba26e5a4.jpg,ids
ebb2e6e06.jpg,ids
ebb594022.jpg,ids
ebc6e8b4c.jpg,ids
ebc7ede90.jpg,ids
ebdd5128b.jpg,ids
ec0f2c317.jpg,ids
ec1cded71.jpg,ids
ec38254e3.jpg,ids
ec440f667.jpg,ids
ec464a3c2.jpg,ids
ec4950203.jpg,ids
ec4b955ca.jpg,ids
ec51f5ebc.jpg,ids
ec63129d4.jpg,ids
ec63d6df9.jpg,ids
ec670d044.jpg,ids
ec6d692c7.jpg,ids
ec9299a46.jpg,ids
ecaa067b2.jpg,ids
eceeb8d7f.jpg,ids
eceefca95.jpg,ids
ecf1af191.jpg,ids
ecf812258.jpg,ids
ecfb8a5ef.jpg,ids
ecfe32f49.jpg,ids
ed11813d6.jpg,ids
ed2b07be2.jpg,ids
ed309eb49.jpg,ids
ed36c4ee2.jpg,ids
ed5d065f4.jpg,ids
ed63c5a52.jpg,ids
ed71fbbbc.jpg,ids
ed89d977e.jpg,ids
ed9cdcab6.jpg,ids
ed9dfce89.jpg,ids
eda9916af.jpg,ids
edc678227.jpg,ids
edc950e5d.jpg,ids
edeb80f87.jpg,ids
edf0a7b8c.jpg,ids
edf607fd4.jpg,ids
ee1afe475.jpg,ids
ee278ac35.jpg,ids
ee2cc42ab.jpg,ids
ee3bd5410.jpg,ids
ee3f9c08c.jpg,ids
ee47830cc.jpg,ids
ee4e2630b.jpg,ids
ee691759d.jpg,ids
ee6d38970.jpg,ids
ee8268db7.jpg,ids
ee96b5be6.jpg,ids
ee973fb51.jpg,ids
eeba53ac1.jpg,ids
eebd9d2f6.jpg,ids
eec0652fe.jpg,ids
eec58304b.jpg,ids
eecdab581.jpg,ids
eee15e60a.jpg,ids
ef082d2bc.jpg,ids
ef129445d.jpg,ids
ef2f9c7b3.jpg,ids
ef3247412.jpg,ids
ef3465409.jpg,ids
ef3f499f2.jpg,ids
ef4556985.jpg,ids
ef4dd1cc0.jpg,ids
ef4e552c0.jpg,ids
ef50e4467.jpg,ids
ef54c10dd.jpg,ids
ef55e3f13.jpg,ids
ef57c6447.jpg,ids
ef68ce397.jpg,ids
ef69c01a3.jpg,ids
ef74f6b4f.jpg,ids
ef77410ce.jpg,ids
ef84fa41d.jpg,ids
ef924d7e9.jpg,ids
ef962f578.jpg,ids
ef9bbe79e.jpg,ids
efa22c973.jpg,ids
efaae4ee9.jpg,ids
efae7b997.jpg,ids
efb1f6fef.jpg,ids
efb502c8c.jpg,ids
efb867a6e.jpg,ids
efbf30b18.jpg,ids
efc2b4f77.jpg,ids
efd3a1ca9.jpg,ids
efd3d5510.jpg,ids
eff0d75f8.jpg,ids
f0028a2f5.jpg,ids
f013a1737.jpg,ids
f017fcd4e.jpg,ids
f045d7afc.jpg,ids
f04c321cd.jpg,ids
f04d5ffa9.jpg,ids
f057fe794.jpg,ids
f06b57cbe.jpg,ids
f08d7d5dc.jpg,ids
f096c196f.jpg,ids
f09c7617f.jpg,ids
f09f3eee7.jpg,ids
f0c00d4d2.jpg,ids
f0cfd99be.jpg,ids
f0d040632.jpg,ids
f0dcc9710.jpg,ids
f0e990a90.jpg,ids
f0ea13c32.jpg,ids
f0f7c155e.jpg,ids
f1078aafb.jpg,ids
f110a9721.jpg,ids
f112f0859.jpg,ids
f11c4a649.jpg,ids
f12a8b70c.jpg,ids
f1368700a.jpg,ids
f14b154c3.jpg,ids
f15916989.jpg,ids
f182601d1.jpg,ids
f1887921d.jpg,ids
f1a2fa3e6.jpg,ids
f1a4c1e44.jpg,ids
f1afcfe49.jpg,ids
f1b40324c.jpg,ids
f1b75bbf8.jpg,ids
f1cbedf4e.jpg,ids
f1dd2dfbb.jpg,ids
f1e5d7c5f.jpg,ids
f1f1e9117.jpg,ids
f1fce3089.jpg,ids
f2013a0d8.jpg,ids
f2084498e.jpg,ids
f21293f61.jpg,ids
f217b3805.jpg,ids
f225722c9.jpg,ids
f23f44ecd.jpg,ids
f23f58033.jpg,ids
f241327bd.jpg,ids
f245f5f00.jpg,ids
f2472ad76.jpg,ids
f24a820ef.jpg,ids
f24b9cc42.jpg,ids
f24e7e910.jpg,ids
f250102e8.jpg,ids
f2759098e.jpg,ids
f275dd532.jpg,ids
f29103ebb.jpg,ids
f2b63f850.jpg,ids
f2b6689df.jpg,ids
f2c4ddb22.jpg,ids
f2ca01b72.jpg,ids
f2edcebce.jpg,ids
f2ee8b1df.jpg,ids
f30eb371c.jpg,ids
f30f7f31f.jpg,ids
f318f1fa3.jpg,ids
f3220042d.jpg,ids
f34702080.jpg,ids
f35723692.jpg,ids
f35c7b59a.jpg,ids
f37f02e62.jpg,ids
f38cf57bc.jpg,ids
f39411984.jpg,ids
f39cdccba.jpg,ids
f39f69991.jpg,ids
f3a5fcc44.jpg,ids
f3a89226e.jpg,ids
f3bdc785c.jpg,ids
f3d29dafc.jpg,ids
f3dbc7a6e.jpg,ids
f3e4adab8.jpg,ids
f3eac61ec.jpg,ids
f3f2023c6.jpg,ids
f3f51c471.jpg,ids
f40d4c8f4.jpg,ids
f4117015c.jpg,ids
f42c18083.jpg,ids
f435b8f07.jpg,ids
f43822997.jpg,ids
f4525679c.jpg,ids
f45673e8a.jpg,ids
f4654f157.jpg,ids
f46f2186f.jpg,ids
f471f175e.jpg,ids
f480f9980.jpg,ids
f4827e52f.jpg,ids
f491dfc21.jpg,ids
f49347c85.jpg,ids
f496c5a75.jpg,ids
f49d137b0.jpg,ids
f4add4879.jpg,ids
f4b3b10f6.jpg,ids
f4b5c9a83.jpg,ids
f4b6cd07e.jpg,ids
f4c7a2b75.jpg,ids
f4e4e0e35.jpg,ids
f4e551f67.jpg,ids
f4fa5b5ec.jpg,ids
f527eb6f6.jpg,ids
f532c9318.jpg,ids
f540bc1c8.jpg,ids
f545fa354.jpg,ids
f57bdf8a5.jpg,ids
f58850327.jpg,ids
f59a20f64.jpg,ids
f59cacb6a.jpg,ids
f59e9b683.jpg,ids
f5a17c0f7.jpg,ids
f5bef7744.jpg,ids
f5c9abd36.jpg,ids
f5cfbf2df.jpg,ids
f5faec855.jpg,ids
f5fea1a0b.jpg,ids
f607eebb5.jpg,ids
f60fb9ea7.jpg,ids
f612b0020.jpg,ids
f6269864f.jpg,ids
f62ba9ac4.jpg,ids
f630ee64a.jpg,ids
f63260d2c.jpg,ids
f63bc7458.jpg,ids
f63fa9eb3.jpg,ids
f651f33a6.jpg,ids
f6638674e.jpg,ids
f66e1beaf.jpg,ids
f67004103.jpg,ids
f6705c142.jpg,ids
f67ca6128.jpg,ids
f68170662.jpg,ids
f691658ec.jpg,ids
f692a0e80.jpg,ids
f693ca65d.jpg,ids
f6a6b9f13.jpg,ids
f6b85aa1e.jpg,ids
f6d9f0190.jpg,ids
f6de9e618.jpg,ids
f6e2646e0.jpg,ids
f6eaef705.jpg,ids
f6ed4bab6.jpg,ids
f6ed8b203.jpg,ids
f6ff229d6.jpg,ids
f7001387d.jpg,ids
f70fd577e.jpg,ids
f7169980c.jpg,ids
f717c645d.jpg,ids
f717d0d27.jpg,ids
f72ac8890.jpg,ids
f73074bfe.jpg,ids
f73a2342e.jpg,ids
f742fd685.jpg,ids
f759fcac7.jpg,ids
f75bf766f.jpg,ids
f766c5dc3.jpg,ids
f76e060fd.jpg,ids
f781d3e64.jpg,ids
f7a6693b9.jpg,ids
f7ac7d4c9.jpg,ids
f7b8c2685.jpg,ids
f7cace718.jpg,ids
f7d5f1ff0.jpg,ids
f7f5b88a8.jpg,ids
f800c4baf.jpg,ids
f823675dd.jpg,ids
f82728567.jpg,ids
f82a7cd13.jpg,ids
f82d64934.jpg,ids
f8362c830.jpg,ids
f84cc86b2.jpg,ids
f85381cbd.jpg,ids
f8620afdb.jpg,ids
f86bcd018.jpg,ids
f8b5d4c79.jpg,ids
f8c0e508e.jpg,ids
f8cdb7b1e.jpg,ids
f8eb0bde8.jpg,ids
f8f26b8c6.jpg,ids
f8f60dd4c.jpg,ids
f9268fa22.jpg,ids
f93d31e37.jpg,ids
f940213d6.jpg,ids
f9518495d.jpg,ids
f957f0c09.jpg,ids
f95d08d2b.jpg,ids
f9742cd2d.jpg,ids
f98cea0b3.jpg,ids
f9a92a942.jpg,ids
f9ad3f1e4.jpg,ids
f9c8d7c42.jpg,ids
f9d228a03.jpg,ids
f9da9515d.jpg,ids
f9daed87f.jpg,ids
f9e26cb2c.jpg,ids
f9f8683f5.jpg,ids
f9fac83ad.jpg,ids
fa0109e88.jpg,ids
fa29a7da1.jpg,ids
fa2f03f3d.jpg,ids
fa4f28cfc.jpg,ids
fa5211df9.jpg,ids
fa5c50f89.jpg,ids
fa7ad2a07.jpg,ids
fa810fab3.jpg,ids
fa8868884.jpg,ids
fa8bb6306.jpg,ids
fa944443c.jpg,ids
fa9583ab2.jpg,ids
faa32ec3e.jpg,ids
faa6859de.jpg,ids
faafebb72.jpg,ids
fab45c48b.jpg,ids
fabc19a85.jpg,ids
fad568d6b.jpg,ids
fadcbb6fc.jpg,ids
fae8fb4ce.jpg,ids
faea123b0.jpg,ids
faec9335c.jpg,ids
faf949a01.jpg,ids
fb03d93b4.jpg,ids
fb0971819.jpg,ids
fb119ca04.jpg,ids
fb11c4396.jpg,ids
fb17fed50.jpg,ids
fb3de3700.jpg,ids
fb4012b57.jpg,ids
fb4263c31.jpg,ids
fb4875d1e.jpg,ids
fb51d887c.jpg,ids
fb5391f89.jpg,ids
fb55f3d36.jpg,ids
fb6a259a0.jpg,ids
fb78a3fdf.jpg,ids
fb903ae7b.jpg,ids
fb9b2260d.jpg,ids
fba67405a.jpg,ids
fbba36aa6.jpg,ids
fbba8bdc3.jpg,ids
fbccc6219.jpg,ids
fc03c3bf5.jpg,ids
fc09f2302.jpg,ids
fc0c86b70.jpg,ids
fc1abdaf1.jpg,ids
fc1de6d65.jpg,ids
fc33b9693.jpg,ids
fc3c3dd2d.jpg,ids
fc42d5be9.jpg,ids
fc52b5b6d.jpg,ids
fc572775a.jpg,ids
fc5c296f8.jpg,ids
fc5d04058.jpg,ids
fc5d74a7c.jpg,ids
fc66314fb.jpg,ids
fc722c4c3.jpg,ids
fc72f2403.jpg,ids
fc7be497a.jpg,ids
fc8ed9263.jpg,ids
fc9129d7c.jpg,ids
fc9576169.jpg,ids
fc9a3d777.jpg,ids
fca92c1e3.jpg,ids
fcaf9e9df.jpg,ids
fcc32321d.jpg,ids
fcc6e189a.jpg,ids
fd12f4a76.jpg,ids
fd1846429.jpg,ids
fd198e007.jpg,ids
fd1b34ed7.jpg,ids
fd4b47fb7.jpg,ids
fd6ebecd4.jpg,ids
fd7ee9b61.jpg,ids
fd80ecb2f.jpg,ids
fd97adf16.jpg,ids
fd983a0f6.jpg,ids
fd99bd3a6.jpg,ids
fd9ca8d6d.jpg,ids
fda68dad9.jpg,ids
fdac507d4.jpg,ids
fdace1a64.jpg,ids
fdb27aea3.jpg,ids
fdb36f6f9.jpg,ids
fdb481de3.jpg,ids
fdb501a0e.jpg,ids
fdb8cc495.jpg,ids
fdd41d14c.jpg,ids
fdda50025.jpg,ids
fde621dec.jpg,ids
fde93a87d.jpg,ids
fdf36faf0.jpg,ids
fe0241a8f.jpg,ids
fe11bc0bf.jpg,ids
fe2207682.jpg,ids
fe2944ae4.jpg,ids
fe35cdfa8.jpg,ids
fe38d5e6d.jpg,ids
fe5e23663.jpg,ids
fe6325d98.jpg,ids
fe797b5df.jpg,ids
fe826c52a.jpg,ids
fe834fd7f.jpg,ids
fe88e229b.jpg,ids
fe9158bb2.jpg,ids
fe943748b.jpg,ids
fea098e75.jpg,ids
fea2fc401.jpg,ids
feadeba7c.jpg,ids
feae83f00.jpg,ids
fec25d9ab.jpg,ids
fef0dc4a1.jpg,ids
fefdf512d.jpg,ids
ff24ffdd1.jpg,ids
ff2bda4d5.jpg,ids
ff39cd828.jpg,ids
ff4c780e2.jpg,ids
ff54dd143.jpg,ids
ff570f544.jpg,ids
ff75f104a.jpg,ids
ffad62503.jpg,ids
ffd7a6f5a.jpg,ids
ffef89eed.jpg,ids
fffcde6fe.jpg,ids
fffde072b.jpg,ids
